goat_id,breed,sex,age_months,height_cm,chest_girth_cm,body_length_cm,weight_kg
G0001,Khari,female,2.6,31.5,38.8,29.6,4.34
G0001,Khari,female,5.2,38.1,51.4,36.3,7.69
G0001,Khari,female,7.3,42.1,53.8,38.6,9.79
G0001,Khari,female,9.7,44.9,58.8,43.5,13.14
G0001,Khari,female,11.3,50.4,61.8,44.4,15.32
G0002,Boer,male,12.4,62.2,82.5,58.3,43.16
G0002,Boer,male,14.9,66.1,92.0,62.1,53.01
G0002,Boer,male,18.3,68.4,93.3,63.8,61.23
G0003,Shannan,female,11.8,49.6,65.1,45.4,18.61
G0003,Shannan,female,14.4,49.9,65.0,47.3,22.08
G0003,Shannan,female,16.6,53.5,70.9,51.9,25.45
G0003,Shannan,female,19.1,54.7,71.3,50.2,27.17
G0003,Shannan,female,21.8,57.5,75.2,54.7,29.6
G0004,Shannan,female,17.4,51.2,67.7,51.3,23.2
G0004,Shannan,female,20.8,53.8,68.6,50.4,25.43
G0004,Shannan,female,23.4,55.5,70.8,49.8,27.06
G0004,Shannan,female,26.8,55.9,76.4,52.3,28.06
G0005,Boer,male,2.8,37.4,50.7,35.4,10.26
G0005,Boer,male,5.1,44.7,61.6,44.1,18.59
G0005,Boer,male,6.8,54.4,71.7,47.5,29.14
G0005,Boer,male,9.0,56.9,78.9,56.2,36.02
G0005,Boer,male,12.7,63.0,88.9,61.9,53.1
G0006,Boer,female,10.4,50.5,72.5,47.3,25.62
G0006,Boer,female,14.3,56.6,76.1,54.1,33.86
G0006,Boer,female,15.9,57.7,82.5,54.4,35.33
G0006,Boer,female,19.7,63.0,84.9,61.1,45.98
G0006,Boer,female,21.4,62.0,84.2,63.3,48.9
G0006,Boer,female,25.0,68.0,87.0,60.2,52.67
G0006,Boer,female,28.4,66.8,92.9,65.9,56.19
G0007,Boer,male,4.4,41.5,53.4,38.3,12.44
G0007,Boer,male,6.2,45.4,64.7,43.9,17.95
G0007,Boer,male,10.1,54.9,76.3,52.3,31.42
G0007,Boer,male,11.9,63.1,86.0,54.6,39.07
G0007,Boer,male,15.4,64.5,90.9,59.0,48.85
G0008,Shannan,female,12.1,46.1,66.5,43.4,17.65
G0008,Shannan,female,15.4,53.0,70.5,52.0,26.18
G0008,Shannan,female,19.0,56.3,73.0,51.5,27.11
G0008,Shannan,female,20.9,55.3,73.3,51.6,27.85
G0008,Shannan,female,23.9,58.1,75.4,54.3,30.83
G0008,Shannan,female,27.5,61.7,80.3,56.0,32.56
G0009,Khari,male,15.3,49.1,62.0,48.0,18.03
G0009,Khari,male,18.4,51.8,65.2,51.3,19.81
G0009,Khari,male,21.1,53.7,65.8,47.6,21.28
G0010,Sirohi,female,12.7,53.8,65.0,51.7,18.84
G0010,Sirohi,female,15.0,56.6,70.3,52.3,23.33
G0010,Sirohi,female,18.1,56.2,72.6,54.3,25.8
G0010,Sirohi,female,21.1,61.7,70.7,57.0,29.49
G0011,Shannan,male,5.3,38.6,51.8,38.3,9.75
G0011,Shannan,male,8.2,45.7,60.4,45.1,15.34
G0011,Shannan,male,11.2,48.9,69.4,48.5,21.22
G0011,Shannan,male,13.8,55.7,71.4,51.5,25.75
G0011,Shannan,male,16.0,55.5,73.6,54.1,27.87
G0011,Shannan,male,18.6,57.7,74.9,55.8,32.75
G0012,Black Bengal,male,15.5,40.4,64.3,39.5,16.72
G0012,Black Bengal,male,17.0,41.7,59.1,39.6,17.31
G0012,Black Bengal,male,19.2,43.2,60.2,42.3,19.6
G0012,Black Bengal,male,21.5,45.9,71.0,43.5,20.88
G0012,Black Bengal,male,23.0,45.8,67.3,42.4,20.54
G0012,Black Bengal,male,26.2,46.9,62.4,41.7,21.16
G0013,Boer,female,12.9,58.2,83.2,55.1,37.01
G0013,Boer,female,16.5,60.0,83.2,59.2,43.05
G0013,Boer,female,20.4,64.0,91.4,61.7,52.91
G0013,Boer,female,23.7,66.7,89.8,62.5,57.75
G0013,Boer,female,27.2,70.5,99.6,65.2,63.58
G0013,Boer,female,30.1,72.9,98.3,66.6,66.48
G0013,Boer,female,32.6,74.3,102.3,72.2,76.24
G0014,Shannan,female,11.0,44.8,58.6,45.2,14.97
G0014,Shannan,female,13.1,47.6,62.3,45.6,17.95
G0014,Shannan,female,15.4,49.2,66.1,51.4,20.88
G0014,Shannan,female,18.1,53.6,68.9,49.5,23.75
G0014,Shannan,female,21.6,55.3,73.4,51.9,25.95
G0015,Boer,female,15.1,59.3,80.7,52.9,35.14
G0015,Boer,female,16.9,62.2,81.5,54.4,37.68
G0015,Boer,female,20.1,61.1,83.4,58.8,42.28
G0015,Boer,female,22.9,64.3,90.4,57.6,46.39
G0016,Boer,female,13.8,63.8,87.4,56.2,43.13
G0016,Boer,female,17.6,66.3,92.4,63.6,51.74
G0016,Boer,female,20.3,66.0,97.8,63.2,57.09
G0016,Boer,female,23.5,69.1,104.2,68.1,66.41
G0016,Boer,female,27.1,76.7,104.8,68.2,72.57
G0017,Sirohi,female,7.8,43.6,52.1,42.2,10.96
G0017,Sirohi,female,9.8,47.0,57.1,41.8,13.25
G0017,Sirohi,female,11.3,48.8,56.8,47.6,15.18
G0017,Sirohi,female,14.0,49.1,61.8,48.9,18.98
G0017,Sirohi,female,17.6,55.0,67.7,53.8,24.2
G0018,Sirohi,female,14.2,51.5,62.3,45.1,17.08
G0018,Sirohi,female,16.7,52.5,64.1,51.1,20.16
G0018,Sirohi,female,20.3,54.9,64.2,51.4,21.07
G0018,Sirohi,female,23.6,54.4,70.3,53.4,23.56
G0018,Sirohi,female,25.7,57.7,71.2,53.4,25.47
G0018,Sirohi,female,27.2,59.8,68.6,50.6,25.72
G0019,Sirohi,female,16.1,55.7,68.2,49.4,21.93
G0019,Sirohi,female,19.6,58.4,71.8,56.6,27.16
G0019,Sirohi,female,23.6,59.5,71.6,58.9,27.56
G0019,Sirohi,female,25.4,61.8,75.3,55.9,29.96
G0019,Sirohi,female,28.5,60.0,76.7,57.5,32.66
G0020,Boer,female,13.6,58.8,78.4,52.9,37.17
G0020,Boer,female,15.9,63.3,86.9,58.8,45.91
G0020,Boer,female,18.5,64.2,88.1,60.5,51.41
G0020,Boer,female,21.4,66.3,92.8,62.8,56.26
G0021,Boer,male,8.7,53.0,70.2,47.1,25.6
G0021,Boer,male,11.2,55.5,79.2,53.2,34.24
G0021,Boer,male,13.7,60.7,85.5,58.4,45.23
G0022,Sirohi,female,6.5,39.3,48.7,40.2,9.06
G0022,Sirohi,female,8.8,44.6,56.9,43.3,12.82
G0022,Sirohi,female,10.4,49.3,61.5,47.4,15.69
G0022,Sirohi,female,12.2,52.6,60.7,45.5,17.72
G0022,Sirohi,female,13.7,54.3,64.9,49.2,20.49
G0022,Sirohi,female,15.9,56.9,69.8,52.7,21.01
G0023,Khari,male,6.4,43.2,50.5,40.5,11.0
G0023,Khari,male,8.3,48.7,60.6,44.3,14.25
G0023,Khari,male,11.3,49.2,63.8,47.8,18.17
G0023,Khari,male,15.3,57.2,70.1,51.6,22.99
G0023,Khari,male,19.0,55.7,71.1,52.8,26.34
G0023,Khari,male,22.0,56.6,73.5,57.5,29.08
G0024,Sirohi,female,12.5,54.4,64.6,48.1,19.71
G0024,Sirohi,female,15.1,54.2,67.9,51.1,22.12
G0024,Sirohi,female,16.8,56.9,69.8,51.5,24.0
G0024,Sirohi,female,18.7,55.0,67.1,54.8,25.95
G0024,Sirohi,female,21.2,56.7,75.3,60.0,29.86
G0024,Sirohi,female,23.0,58.9,73.1,59.3,29.08
G0025,Black Bengal,female,7.7,35.7,49.0,30.5,7.88
G0025,Black Bengal,female,10.7,36.4,51.4,33.8,9.79
G0025,Black Bengal,female,12.5,35.5,54.9,34.1,11.29
G0025,Black Bengal,female,14.3,37.5,56.5,34.5,12.1
G0026,Sirohi,male,12.1,54.2,69.7,53.4,24.55
G0026,Sirohi,male,15.5,64.2,74.2,57.1,32.78
G0026,Sirohi,male,17.2,64.5,73.9,58.4,36.86
G0027,Boer,male,10.9,62.5,84.8,58.9,43.94
G0027,Boer,male,14.3,68.9,107.0,65.5,63.96
G0027,Boer,male,16.1,69.6,103.3,68.0,66.5
G0027,Boer,male,18.2,78.5,110.9,74.4,81.19
G0028,Black Bengal,male,9.3,36.5,51.8,34.1,10.26
G0028,Black Bengal,male,11.2,40.0,56.0,36.9,12.37
G0028,Black Bengal,male,13.2,40.7,57.9,38.6,13.8
G0028,Black Bengal,male,16.2,41.3,60.7,35.8,15.7
G0028,Black Bengal,male,19.7,41.5,60.1,37.3,15.05
G0028,Black Bengal,male,21.4,44.7,61.2,40.4,16.55
G0028,Black Bengal,male,23.4,42.5,61.4,38.5,16.81
G0029,Sirohi,female,7.7,43.7,53.2,43.7,11.97
G0029,Sirohi,female,10.8,50.1,57.9,47.1,16.18
G0029,Sirohi,female,14.0,51.9,66.5,50.3,20.69
G0030,Black Bengal,female,10.6,35.9,51.8,34.5,9.95
G0030,Black Bengal,female,13.7,37.8,53.8,35.5,11.24
G0030,Black Bengal,female,16.8,39.4,54.2,38.4,12.92
G0030,Black Bengal,female,20.3,37.9,56.2,36.3,12.77
G0031,Shannan,female,12.9,49.9,69.1,49.8,23.75
G0031,Shannan,female,15.2,55.4,74.4,52.1,28.48
G0031,Shannan,female,18.9,60.3,82.7,54.1,33.27
G0031,Shannan,female,21.8,60.3,82.1,57.0,37.36
G0031,Shannan,female,25.6,60.9,81.6,59.4,39.98
G0031,Shannan,female,28.3,63.9,84.2,60.3,41.67
G0031,Shannan,female,31.3,63.5,86.7,59.4,42.71
G0032,Khari,male,3.0,31.6,39.9,31.3,5.01
G0032,Khari,male,5.5,40.9,49.6,37.0,8.62
G0032,Khari,male,9.0,45.9,55.3,41.7,13.94
G0032,Khari,male,10.9,48.8,62.2,46.2,16.23
G0032,Khari,male,14.9,55.3,70.1,53.4,22.83
G0032,Khari,male,17.6,57.0,67.9,54.2,24.99
G0032,Khari,male,21.2,59.5,75.9,54.5,27.74
G0033,Boer,female,10.1,52.7,71.5,48.0,26.43
G0033,Boer,female,13.5,61.0,79.9,54.7,37.22
G0033,Boer,female,17.2,61.7,89.7,58.9,46.17
G0033,Boer,female,20.5,66.0,90.7,65.6,53.96
G0033,Boer,female,22.9,66.5,93.1,63.6,54.81
G0033,Boer,female,24.9,69.5,97.6,65.7,61.66
G0033,Boer,female,28.0,70.2,100.6,61.3,64.6
G0034,Shannan,female,10.4,48.8,60.2,43.5,16.36
G0034,Shannan,female,13.4,47.3,63.2,43.5,18.4
G0034,Shannan,female,16.3,52.0,64.6,49.8,22.01
G0034,Shannan,female,19.5,51.9,69.5,51.2,24.97
G0035,Sirohi,female,4.7,38.8,47.6,39.4,8.5
G0035,Sirohi,female,6.4,43.1,52.1,39.4,10.3
G0035,Sirohi,female,8.7,49.4,57.7,45.2,13.55
G0035,Sirohi,female,10.7,46.7,58.7,44.6,16.61
G0035,Sirohi,female,13.8,54.6,69.5,52.1,21.65
G0036,Sirohi,male,14.7,59.7,72.5,58.1,30.78
G0036,Sirohi,male,17.2,65.1,80.0,63.3,35.05
G0036,Sirohi,male,20.9,66.8,85.5,63.9,41.15
G0036,Sirohi,male,24.7,64.9,85.1,66.6,40.94
G0037,Shannan,male,2.6,34.9,44.7,32.9,6.39
G0037,Shannan,male,5.5,41.5,56.4,40.7,12.24
G0037,Shannan,male,8.7,50.6,67.5,47.3,21.48
G0037,Shannan,male,10.2,54.5,70.1,52.7,25.38
G0038,Sirohi,male,15.9,62.4,75.2,56.9,30.35
G0038,Sirohi,male,19.4,63.3,72.3,57.3,31.67
G0038,Sirohi,male,21.3,59.4,78.1,60.4,32.63
G0039,Shannan,female,3.0,31.4,42.3,30.7,5.26
G0039,Shannan,female,6.7,38.2,53.7,36.6,10.09
G0039,Shannan,female,9.9,44.4,59.4,42.0,13.91
G0039,Shannan,female,11.9,45.7,60.6,46.4,17.76
G0039,Shannan,female,14.4,52.0,68.5,52.4,21.89
G0040,Sirohi,male,17.3,60.2,77.2,57.7,30.7
G0040,Sirohi,male,18.9,62.5,80.2,59.2,31.55
G0040,Sirohi,male,21.7,63.7,77.6,62.1,34.92
G0041,Boer,female,15.7,61.1,93.8,60.6,47.89
G0041,Boer,female,19.6,68.2,97.4,64.0,56.76
G0041,Boer,female,23.5,67.8,98.0,61.1,59.63
G0041,Boer,female,26.0,72.0,100.0,66.0,67.9
G0042,Boer,female,9.8,52.6,77.5,50.9,30.27
G0042,Boer,female,11.7,58.5,79.4,55.2,35.4
G0042,Boer,female,14.7,66.2,82.0,61.4,46.1
G0042,Boer,female,17.1,68.9,94.9,63.4,56.65
G0043,Boer,female,8.4,48.8,67.3,44.9,20.59
G0043,Boer,female,10.4,50.6,68.9,46.8,23.79
G0043,Boer,female,14.3,56.7,79.9,52.1,35.74
G0043,Boer,female,16.4,63.1,85.5,55.7,39.58
G0044,Khari,female,11.8,48.6,66.9,46.2,15.98
G0044,Khari,female,15.0,50.1,66.8,46.8,17.03
G0044,Khari,female,18.4,48.6,66.7,49.5,18.38
G0044,Khari,female,21.4,51.7,68.8,46.8,19.65
G0044,Khari,female,23.3,54.1,66.8,50.8,21.34
G0044,Khari,female,26.6,52.2,68.1,51.2,22.15
G0045,Shannan,female,14.3,51.2,63.4,46.6,20.55
G0045,Shannan,female,16.4,53.2,71.0,47.3,24.71
G0045,Shannan,female,19.8,56.7,75.1,54.8,29.16
G0045,Shannan,female,22.2,56.1,77.6,53.4,30.09
G0045,Shannan,female,25.9,55.9,73.0,52.4,28.68
G0045,Shannan,female,28.5,55.7,78.3,56.4,32.9
G0046,Khari,female,15.4,50.3,60.0,46.9,15.98
G0046,Khari,female,17.9,50.7,60.2,47.0,18.64
G0046,Khari,female,20.2,49.7,62.0,47.2,18.22
G0047,Boer,female,16.5,61.7,83.4,57.7,46.54
G0047,Boer,female,18.7,65.9,84.6,61.1,50.68
G0047,Boer,female,22.2,65.1,89.2,63.8,57.55
G0048,Boer,male,2.5,35.9,47.7,36.2,9.75
G0048,Boer,male,4.5,41.7,59.0,39.9,15.1
G0048,Boer,male,8.5,56.0,80.0,50.8,32.27
G0048,Boer,male,11.8,62.4,87.9,63.5,50.51
G0049,Black Bengal,female,5.3,28.9,43.1,30.1,5.52
G0049,Black Bengal,female,8.9,33.8,48.1,32.1,8.03
G0049,Black Bengal,female,11.0,33.6,54.0,34.0,9.89
G0049,Black Bengal,female,14.6,37.0,53.2,35.0,10.89
G0049,Black Bengal,female,18.5,38.5,55.2,34.7,12.39
G0049,Black Bengal,female,22.0,37.0,55.6,36.1,12.37
G0049,Black Bengal,female,25.0,37.8,57.4,36.7,12.22
G0050,Boer,male,16.6,69.8,98.1,71.3,69.0
G0050,Boer,male,20.6,74.3,102.8,68.6,76.66
G0050,Boer,male,23.0,76.3,102.8,67.7,80.28
G0050,Boer,male,26.0,76.3,100.7,70.2,84.69
G0050,Boer,male,29.0,80.1,106.4,74.9,91.4
G0050,Boer,male,31.4,77.0,105.4,74.4,96.22
G0051,Khari,female,17.3,48.5,56.1,45.9,15.83
G0051,Khari,female,20.0,51.0,61.7,46.1,17.25
G0051,Khari,female,22.4,49.2,63.2,46.8,18.08
G0051,Khari,female,24.7,52.0,60.5,46.8,18.22
G0052,Boer,female,11.7,55.1,75.2,49.8,31.34
G0052,Boer,female,14.3,58.5,78.7,55.7,37.99
G0052,Boer,female,16.2,60.9,88.1,58.0,46.58
G0052,Boer,female,17.9,65.8,86.2,59.5,49.67
G0052,Boer,female,20.2,68.3,96.9,67.7,56.61
G0052,Boer,female,23.2,66.5,91.3,61.9,58.29
G0052,Boer,female,25.8,70.6,92.2,70.7,61.65
G0053,Shannan,male,11.5,54.7,78.1,51.6,29.26
G0053,Shannan,male,14.9,57.8,81.9,59.2,37.54
G0053,Shannan,male,17.5,64.1,90.0,57.0,41.57
G0053,Shannan,male,19.1,62.8,89.4,61.5,46.03
G0053,Shannan,male,20.9,66.8,92.9,62.5,48.21
G0053,Shannan,male,23.5,68.1,92.3,63.5,49.15
G0054,Boer,female,10.9,56.0,76.1,51.2,30.54
G0054,Boer,female,14.6,62.3,81.8,59.0,42.95
G0054,Boer,female,17.2,63.5,89.5,60.3,48.54
G0054,Boer,female,19.5,67.4,92.8,62.9,56.77
G0055,Sirohi,female,8.6,43.7,51.7,40.7,11.08
G0055,Sirohi,female,10.9,47.7,60.0,46.0,14.75
G0055,Sirohi,female,13.8,52.6,61.1,50.1,18.76
G0056,Khari,female,16.4,49.0,62.3,45.1,16.17
G0056,Khari,female,19.7,47.3,63.1,49.3,17.06
G0056,Khari,female,22.1,52.5,62.3,47.9,18.27
G0056,Khari,female,24.7,50.8,60.1,48.4,18.1
G0056,Khari,female,26.4,47.8,62.5,46.8,18.11
G0056,Khari,female,29.1,50.1,63.1,50.1,19.09
G0056,Khari,female,32.9,50.8,65.3,49.6,20.08
G0057,Black Bengal,male,11.4,33.2,50.1,31.5,8.31
G0057,Black Bengal,male,14.8,35.0,54.9,34.6,10.85
G0057,Black Bengal,male,17.1,37.6,54.3,32.9,10.87
G0057,Black Bengal,male,19.7,36.9,57.8,36.0,12.13
G0057,Black Bengal,male,23.4,36.7,54.8,34.4,11.83
G0058,Boer,female,9.1,48.6,62.7,44.7,21.05
G0058,Boer,female,11.9,51.9,72.7,49.5,28.52
G0058,Boer,female,15.6,57.4,77.4,55.2,35.89
G0058,Boer,female,17.8,61.1,81.6,56.0,40.18
G0058,Boer,female,19.4,62.7,79.6,58.4,43.53
G0058,Boer,female,21.5,63.4,88.3,60.2,49.66
G0059,Shannan,female,14.3,50.6,67.7,47.6,20.58
G0059,Shannan,female,16.5,51.4,72.6,48.5,22.81
G0059,Shannan,female,19.1,52.4,73.3,51.0,25.77
G0059,Shannan,female,21.8,54.6,77.5,54.2,28.85
G0060,Shannan,male,9.5,52.1,67.6,47.0,22.53
G0060,Shannan,male,12.2,56.0,71.7,54.6,27.83
G0060,Shannan,male,14.1,60.2,80.1,55.8,34.79
G0061,Sirohi,female,8.9,48.5,65.2,47.6,16.34
G0061,Sirohi,female,12.7,54.8,75.1,57.8,23.93
G0061,Sirohi,female,16.0,59.5,73.2,55.8,29.0
G0061,Sirohi,female,19.3,63.5,82.0,58.9,33.29
G0062,Boer,male,2.8,36.4,50.4,33.2,9.19
G0062,Boer,male,5.3,43.1,61.3,42.1,16.04
G0062,Boer,male,7.3,52.4,70.3,47.8,25.37
G0062,Boer,male,9.6,57.9,78.5,55.1,34.55
G0062,Boer,male,13.0,63.6,84.2,64.1,51.09
G0062,Boer,male,16.4,69.9,93.2,63.6,60.06
G0062,Boer,male,19.4,71.8,99.2,68.4,68.11
G0063,Sirohi,female,16.2,57.9,70.0,52.5,24.7
G0063,Sirohi,female,18.3,61.6,70.4,55.8,26.48
G0063,Sirohi,female,21.9,61.2,76.4,56.9,31.38
G0063,Sirohi,female,23.8,62.3,78.5,58.1,31.35
G0063,Sirohi,female,27.6,62.7,76.5,58.5,34.49
G0064,Shannan,male,16.9,61.4,79.7,55.6,35.59
G0064,Shannan,male,20.2,60.8,84.5,59.8,38.88
G0064,Shannan,male,24.0,64.2,85.7,62.1,48.62
G0064,Shannan,male,26.4,63.4,86.3,61.8,45.08
G0065,Boer,male,2.6,36.3,52.1,35.7,10.21
G0065,Boer,male,4.9,47.8,62.6,42.9,19.32
G0065,Boer,male,7.0,52.2,72.0,49.2,26.95
G0065,Boer,male,9.4,59.8,83.4,58.1,39.7
G0065,Boer,male,12.2,67.4,89.9,64.1,54.69
G0065,Boer,male,16.2,73.5,103.0,70.8,79.04
G0066,Black Bengal,female,15.3,37.3,53.7,35.5,11.08
G0066,Black Bengal,female,19.0,37.9,54.0,38.5,12.85
G0066,Black Bengal,female,21.0,38.8,54.7,36.4,12.84
G0066,Black Bengal,female,24.9,39.7,56.8,35.9,12.7
G0066,Black Bengal,female,28.2,40.6,55.1,37.1,13.32
G0066,Black Bengal,female,30.9,38.2,57.4,37.4,13.25
G0067,Black Bengal,female,7.0,32.2,45.4,28.2,6.92
G0067,Black Bengal,female,10.8,35.3,51.5,32.9,9.12
G0067,Black Bengal,female,14.7,37.4,51.4,37.0,11.82
G0068,Boer,female,7.3,46.3,66.9,47.0,20.83
G0068,Boer,female,10.6,56.8,82.0,51.1,31.86
G0068,Boer,female,12.3,56.3,72.4,53.6,35.62
G0068,Boer,female,14.9,62.8,89.5,59.7,46.22
G0068,Boer,female,18.5,66.9,93.0,63.7,55.61
G0069,Sirohi,male,6.2,44.8,62.3,42.0,14.39
G0069,Sirohi,male,9.2,54.2,67.9,52.7,22.62
G0069,Sirohi,male,10.7,61.8,76.2,56.2,25.63
G0069,Sirohi,male,12.4,57.9,78.0,59.0,30.22
G0069,Sirohi,male,16.4,68.4,86.7,63.4,38.09
G0070,Black Bengal,male,6.1,33.5,48.7,29.4,7.26
G0070,Black Bengal,male,8.6,37.3,53.7,33.5,10.13
G0070,Black Bengal,male,10.3,36.3,52.5,36.1,10.6
G0070,Black Bengal,male,14.0,38.5,56.7,36.9,13.14
G0070,Black Bengal,male,17.6,39.7,59.3,37.3,14.19
G0070,Black Bengal,male,20.6,42.4,57.6,40.8,16.6
G0070,Black Bengal,male,22.6,40.9,59.9,39.5,16.21
G0071,Shannan,female,11.6,48.2,61.2,46.8,19.26
G0071,Shannan,female,14.4,50.0,69.9,45.8,21.55
G0071,Shannan,female,17.8,54.4,71.1,53.3,27.5
G0071,Shannan,female,21.4,58.1,72.1,52.9,28.23
G0071,Shannan,female,23.4,57.5,79.2,51.8,30.68
G0071,Shannan,female,25.8,57.9,73.9,53.3,31.9
G0072,Black Bengal,female,4.6,29.7,39.8,26.0,4.73
G0072,Black Bengal,female,8.5,32.0,47.4,29.7,7.35
G0072,Black Bengal,female,11.3,34.7,48.0,31.3,9.51
G0072,Black Bengal,female,13.4,34.7,50.5,32.9,9.95
G0072,Black Bengal,female,15.3,37.4,53.2,34.7,11.33
G0072,Black Bengal,female,19.1,38.2,51.8,36.2,12.11
G0072,Black Bengal,female,22.3,39.0,57.9,37.5,13.77
G0073,Shannan,male,17.5,64.0,80.1,61.1,39.91
G0073,Shannan,male,20.2,63.1,86.6,61.3,42.19
G0073,Shannan,male,22.4,69.5,90.6,66.5,49.53
G0073,Shannan,male,25.2,67.6,94.3,65.2,52.16
G0073,Shannan,male,29.2,69.8,95.1,66.9,54.8
G0074,Black Bengal,female,15.2,39.2,55.5,35.9,12.43
G0074,Black Bengal,female,17.6,39.5,56.7,36.9,12.89
G0074,Black Bengal,female,20.7,37.7,57.8,37.8,13.22
G0075,Shannan,female,3.5,32.7,45.4,30.6,6.46
G0075,Shannan,female,7.2,41.2,52.7,36.0,10.94
G0075,Shannan,female,9.2,46.8,60.7,45.5,16.1
G0075,Shannan,female,11.2,49.1,64.6,43.5,18.77
G0075,Shannan,female,13.5,55.2,70.0,50.1,24.36
G0076,Sirohi,female,13.2,52.9,65.1,50.9,19.17
G0076,Sirohi,female,16.9,57.8,67.9,57.1,24.47
G0076,Sirohi,female,19.4,56.7,73.5,55.1,25.79
G0076,Sirohi,female,22.4,62.6,73.9,57.4,29.43
G0077,Khari,male,8.9,43.7,54.7,39.5,12.25
G0077,Khari,male,11.9,47.5,63.4,44.7,15.95
G0077,Khari,male,15.4,51.4,64.6,51.1,19.82
G0077,Khari,male,17.5,53.2,64.3,50.0,21.01
G0077,Khari,male,21.2,55.7,69.5,54.0,24.79
G0077,Khari,male,24.4,55.3,68.7,55.8,25.57
G0077,Khari,male,28.1,58.4,77.4,52.9,27.28
G0078,Black Bengal,female,1.2,22.1,32.4,20.3,2.37
G0078,Black Bengal,female,3.7,25.9,37.9,24.4,3.91
G0078,Black Bengal,female,7.5,31.7,47.0,29.0,6.61
G0078,Black Bengal,female,10.1,35.3,49.7,30.3,8.5
G0079,Khari,female,4.2,31.3,40.8,28.0,4.38
G0079,Khari,female,7.8,37.3,48.9,36.5,7.49
G0079,Khari,female,11.0,40.8,53.4,38.0,10.18
G0079,Khari,female,12.6,43.4,55.0,37.6,11.64
G0080,Black Bengal,male,12.0,37.7,54.5,36.5,11.54
G0080,Black Bengal,male,13.8,37.6,57.0,36.4,13.19
G0080,Black Bengal,male,16.6,41.7,55.4,36.3,13.81
G0081,Shannan,female,14.1,54.1,66.5,50.2,22.98
G0081,Shannan,female,15.9,54.0,70.7,48.8,23.34
G0081,Shannan,female,17.5,53.2,66.8,50.9,25.04
G0081,Shannan,female,20.5,55.7,73.8,53.4,27.17
G0081,Shannan,female,24.4,56.7,71.3,51.2,27.57
G0081,Shannan,female,27.7,59.1,77.9,55.6,31.43
G0082,Sirohi,female,8.4,47.0,54.3,43.3,12.33
G0082,Sirohi,female,10.4,49.4,60.4,45.8,16.0
G0082,Sirohi,female,14.0,53.4,65.6,53.0,21.42
G0082,Sirohi,female,17.3,57.4,71.9,53.4,25.56
G0083,Sirohi,female,11.6,50.2,58.5,46.1,16.45
G0083,Sirohi,female,13.8,53.1,63.9,47.8,19.82
G0083,Sirohi,female,16.6,54.6,70.2,54.6,24.34
G0083,Sirohi,female,18.4,60.2,74.6,51.6,25.35
G0083,Sirohi,female,22.4,61.5,71.3,57.4,28.75
G0084,Boer,male,17.5,72.9,96.3,65.4,68.55
G0084,Boer,male,19.3,75.4,100.5,72.4,74.43
G0084,Boer,male,23.0,78.7,103.7,71.7,81.01
G0084,Boer,male,26.1,77.9,102.7,79.0,84.25
G0084,Boer,male,29.4,82.0,108.5,75.8,91.98
G0084,Boer,male,32.1,74.5,107.7,68.8,89.31
G0084,Boer,male,34.1,79.4,108.8,76.1,90.65
G0085,Black Bengal,female,16.5,37.8,56.5,36.3,12.55
G0085,Black Bengal,female,18.6,38.4,54.3,37.9,12.94
G0085,Black Bengal,female,20.8,39.4,55.2,38.8,13.84
G0086,Boer,male,12.1,62.9,82.4,52.9,40.49
G0086,Boer,male,14.3,69.2,88.0,64.1,54.07
G0086,Boer,male,17.2,67.4,92.0,66.3,59.87
G0086,Boer,male,20.1,71.1,96.1,69.3,68.65
G0086,Boer,male,21.8,69.1,96.3,72.9,76.09
G0086,Boer,male,25.2,80.4,107.0,72.8,88.33
G0086,Boer,male,29.0,80.7,111.9,77.9,94.89
G0087,Boer,male,10.7,53.7,73.9,53.4,28.66
G0087,Boer,male,13.7,57.5,80.4,52.6,37.56
G0087,Boer,male,17.7,64.4,91.1,60.7,49.94
G0087,Boer,male,20.1,65.7,87.3,61.3,51.76
G0088,Black Bengal,male,11.4,38.9,58.5,36.7,12.63
G0088,Black Bengal,male,14.4,41.8,64.7,38.9,15.94
G0088,Black Bengal,male,17.0,44.0,61.6,42.1,17.41
G0089,Black Bengal,male,11.3,36.2,54.9,33.1,9.76
G0089,Black Bengal,male,14.8,37.7,54.1,37.2,12.15
G0089,Black Bengal,male,18.6,39.7,55.8,35.2,12.15
G0089,Black Bengal,male,21.1,38.3,55.8,37.7,13.55
G0089,Black Bengal,male,24.2,40.0,59.0,37.9,13.52
G0089,Black Bengal,male,26.4,39.9,59.9,37.6,13.94
G0089,Black Bengal,male,28.3,40.1,59.2,38.7,14.38
G0090,Boer,female,12.7,55.0,75.2,51.4,32.09
G0090,Boer,female,14.3,62.8,81.6,55.3,38.69
G0090,Boer,female,16.8,65.7,83.5,60.4,45.5
G0091,Khari,male,11.2,48.9,58.6,43.4,15.18
G0091,Khari,male,12.9,50.7,59.9,45.7,17.29
G0091,Khari,male,14.7,51.9,67.6,48.6,20.57
G0091,Khari,male,16.4,52.8,71.0,51.5,21.73
G0091,Khari,male,19.6,56.5,68.6,52.0,23.45
G0091,Khari,male,23.4,54.3,69.6,54.2,23.91
G0091,Khari,male,26.8,58.5,70.2,53.9,26.58
G0092,Shannan,female,3.6,35.6,47.1,32.8,7.28
G0092,Shannan,female,6.7,42.7,54.7,39.6,12.5
G0092,Shannan,female,8.5,47.9,65.4,44.3,17.03
G0092,Shannan,female,11.9,52.3,67.0,49.5,22.58
G0093,Shannan,male,4.3,37.2,48.1,38.4,8.66
G0093,Shannan,male,7.1,43.8,58.3,42.1,13.62
G0093,Shannan,male,9.5,47.9,62.8,44.9,18.95
G0094,Sirohi,male,17.5,66.7,82.8,63.3,38.86
G0094,Sirohi,male,21.0,68.4,84.3,61.0,40.71
G0094,Sirohi,male,24.3,66.7,81.0,63.5,43.74
G0094,Sirohi,male,27.7,71.8,82.3,65.5,45.39
G0094,Sirohi,male,30.9,72.2,85.2,68.4,45.94
G0094,Sirohi,male,32.7,71.7,89.7,65.9,47.73
G0094,Sirohi,male,35.8,69.8,90.4,68.5,48.85
G0095,Sirohi,male,9.4,53.4,63.8,48.7,19.86
G0095,Sirohi,male,11.6,56.8,73.5,52.4,25.2
G0095,Sirohi,male,15.4,65.7,80.0,61.9,34.7
G0095,Sirohi,male,18.8,67.2,82.4,63.9,39.62
G0095,Sirohi,male,22.0,69.9,84.2,66.7,42.44
G0096,Black Bengal,male,7.2,33.0,48.1,30.3,7.99
G0096,Black Bengal,male,10.0,37.3,49.0,34.8,10.99
G0096,Black Bengal,male,13.2,39.6,57.4,37.3,13.89
G0096,Black Bengal,male,15.0,38.5,57.4,37.9,14.64
G0097,Shannan,female,11.1,50.4,67.7,47.7,21.27
G0097,Shannan,female,13.0,52.2,70.5,50.6,23.94
G0097,Shannan,female,15.7,56.3,77.0,53.9,27.63
G0097,Shannan,female,18.0,59.4,82.2,53.6,32.54
G0098,Sirohi,male,17.6,65.4,88.4,64.1,39.02
G0098,Sirohi,male,19.3,69.4,89.9,64.8,41.93
G0098,Sirohi,male,23.1,69.5,90.0,65.9,45.42
G0098,Sirohi,male,24.9,70.6,86.4,68.0,47.7
G0099,Khari,female,6.8,40.9,50.9,38.9,9.38
G0099,Khari,female,8.5,44.6,53.2,40.8,11.7
G0099,Khari,female,12.5,46.8,60.2,45.2,15.52
G0100,Boer,male,6.7,49.4,67.0,44.3,22.3
G0100,Boer,male,10.0,56.2,79.7,53.3,34.63
G0100,Boer,male,13.8,65.1,93.6,59.7,50.33
G0101,Khari,male,6.3,37.9,46.7,37.1,8.12
G0101,Khari,male,8.8,41.3,53.2,41.3,11.4
G0101,Khari,male,11.7,45.7,57.0,45.8,15.06
G0101,Khari,male,15.1,51.6,63.4,44.9,18.52
G0101,Khari,male,18.1,50.5,64.9,49.1,19.62
G0101,Khari,male,21.7,54.4,67.6,53.0,22.6
G0102,Khari,female,13.0,50.7,63.4,46.3,16.46
G0102,Khari,female,16.0,52.1,67.5,51.9,19.71
G0102,Khari,female,17.8,53.0,72.3,49.9,21.43
G0102,Khari,female,21.4,55.0,68.6,53.0,23.36
G0102,Khari,female,24.7,56.1,75.6,52.5,26.41
G0102,Khari,female,28.4,55.5,72.3,52.0,26.64
G0103,Boer,male,6.8,54.1,73.5,47.7,27.29
G0103,Boer,male,10.7,63.8,85.2,57.6,44.61
G0103,Boer,male,12.6,69.2,95.9,65.2,57.92
G0103,Boer,male,14.9,68.7,94.4,66.2,66.34
G0103,Boer,male,17.4,77.2,112.0,70.5,79.72
G0103,Boer,male,20.8,81.5,106.1,76.0,96.49
G0103,Boer,male,23.5,82.9,108.7,78.3,102.03
G0104,Black Bengal,female,8.5,33.6,48.6,32.3,8.29
G0104,Black Bengal,female,12.3,35.0,51.2,36.0,10.56
G0104,Black Bengal,female,15.4,37.2,56.4,35.0,11.32
G0104,Black Bengal,female,17.8,37.7,58.0,36.5,12.96
G0104,Black Bengal,female,20.5,39.8,56.6,37.6,13.32
G0104,Black Bengal,female,23.6,41.4,56.9,38.7,14.31
G0104,Black Bengal,female,26.6,38.4,59.6,37.6,14.09
G0105,Khari,female,7.0,40.9,51.8,38.1,8.68
G0105,Khari,female,9.0,44.0,55.1,41.2,11.31
G0105,Khari,female,11.5,43.5,57.5,43.3,13.35
G0106,Sirohi,male,10.8,55.0,69.6,52.0,23.94
G0106,Sirohi,male,14.3,64.2,76.2,57.2,30.73
G0106,Sirohi,male,17.6,60.8,81.2,61.7,34.2
G0106,Sirohi,male,20.0,66.3,83.0,59.3,38.52
G0107,Khari,female,1.4,27.3,34.6,24.7,2.69
G0107,Khari,female,3.3,30.9,38.1,30.6,4.35
G0107,Khari,female,6.7,37.2,49.3,36.6,7.76
G0107,Khari,female,10.2,42.9,53.3,39.0,11.15
G0107,Khari,female,12.8,44.9,55.2,46.0,14.03
G0108,Black Bengal,male,17.6,44.2,62.0,41.2,16.86
G0108,Black Bengal,male,19.6,43.4,66.6,40.0,18.11
G0108,Black Bengal,male,21.7,43.8,64.5,41.5,18.86
G0108,Black Bengal,male,24.4,42.2,63.9,42.2,18.67
G0108,Black Bengal,male,28.2,42.9,67.9,40.5,19.03
G0109,Shannan,male,17.0,62.0,77.6,58.9,37.73
G0109,Shannan,male,19.7,65.5,80.7,59.4,45.5
G0109,Shannan,male,23.3,66.2,84.1,60.4,47.35
G0109,Shannan,male,25.1,65.5,88.7,62.6,48.14
G0110,Shannan,female,5.6,39.6,51.4,39.0,10.64
G0110,Shannan,female,7.2,44.0,58.7,42.6,13.73
G0110,Shannan,female,10.1,50.2,66.4,47.5,20.04
G0110,Shannan,female,12.7,56.9,68.6,50.2,24.12
G0110,Shannan,female,15.5,55.6,72.9,50.8,29.22
G0110,Shannan,female,19.4,62.6,75.6,52.4,32.26
G0111,Shannan,female,12.6,49.7,65.4,45.7,20.6
G0111,Shannan,female,15.9,54.0,69.9,50.9,24.01
G0111,Shannan,female,18.3,56.7,75.3,54.1,28.48
G0112,Boer,female,6.5,43.8,56.8,41.9,15.79
G0112,Boer,female,8.9,51.8,65.5,46.3,22.71
G0112,Boer,female,10.4,51.7,75.1,48.8,26.71
G0112,Boer,female,13.7,55.0,76.2,55.5,35.25
G0112,Boer,female,15.9,59.4,82.6,58.0,39.75
G0112,Boer,female,18.9,62.9,87.6,59.9,46.83
G0113,Shannan,male,16.0,61.0,76.0,56.9,32.57
G0113,Shannan,male,19.6,61.0,79.7,59.5,37.48
G0113,Shannan,male,22.8,61.3,87.4,58.9,40.01
G0113,Shannan,male,24.8,66.2,84.9,61.0,44.82
G0114,Shannan,female,6.8,45.7,57.4,39.4,12.65
G0114,Shannan,female,8.8,45.5,60.1,40.9,15.59
G0114,Shannan,female,10.5,49.8,62.0,47.5,19.29
G0115,Shannan,male,7.7,50.4,67.0,46.8,20.65
G0115,Shannan,male,10.1,53.5,76.2,49.8,26.83
G0115,Shannan,male,12.0,59.2,83.6,54.2,32.72
G0115,Shannan,male,13.8,59.7,80.7,54.6,35.03
G0115,Shannan,male,15.9,62.4,76.3,55.5,37.3
G0115,Shannan,male,19.9,66.6,87.3,59.0,45.41
G0115,Shannan,male,21.4,64.6,85.1,61.5,49.11
G0116,Boer,male,3.6,35.8,50.2,34.7,8.98
G0116,Boer,male,7.4,46.9,63.3,44.7,18.35
G0116,Boer,male,9.1,48.4,65.5,47.6,22.38
G0116,Boer,male,12.6,57.8,81.7,55.0,35.49
G0116,Boer,male,15.4,61.9,83.3,60.0,45.18
G0117,Khari,female,16.7,50.3,62.0,47.5,17.92
G0117,Khari,female,20.0,50.2,62.0,50.0,18.59
G0117,Khari,female,23.6,51.3,62.7,47.2,19.22
G0117,Khari,female,26.9,49.7,64.9,49.1,19.37
G0117,Khari,female,30.1,53.0,65.1,50.7,20.38
G0118,Sirohi,male,8.7,48.9,61.4,44.4,15.05
G0118,Sirohi,male,11.5,52.5,66.6,49.3,20.22
G0118,Sirohi,male,13.3,53.8,68.6,53.8,22.81
G0118,Sirohi,male,16.2,60.7,74.2,58.5,30.36
G0118,Sirohi,male,19.1,63.9,79.3,62.9,33.97
G0118,Sirohi,male,22.9,68.1,80.6,62.7,38.96
G0119,Shannan,male,17.2,58.9,77.7,53.7,33.33
G0119,Shannan,male,19.0,59.8,79.9,61.2,36.36
G0119,Shannan,male,22.1,62.1,80.6,58.4,38.36
G0119,Shannan,male,25.8,62.8,81.0,59.1,40.41
G0119,Shannan,male,28.2,64.9,82.5,61.6,42.71
G0119,Shannan,male,30.8,66.7,85.6,62.4,45.78
G0119,Shannan,male,32.4,65.1,85.7,59.6,43.93
G0120,Boer,female,8.8,47.9,61.8,45.4,21.8
G0120,Boer,female,12.3,57.7,77.6,52.6,33.59
G0120,Boer,female,15.6,57.5,81.3,57.9,40.49
G0121,Boer,female,10.4,51.1,68.9,48.5,24.1
G0121,Boer,female,14.1,56.2,79.6,49.6,34.02
G0121,Boer,female,17.1,60.8,83.6,55.5,40.27
G0121,Boer,female,19.1,62.8,86.2,56.4,42.54
G0121,Boer,female,21.1,61.5,87.5,60.8,46.92
G0122,Boer,female,4.0,38.8,54.2,36.0,10.94
G0122,Boer,female,7.3,47.3,67.4,48.9,19.36
G0122,Boer,female,10.5,52.4,75.5,54.9,30.89
G0122,Boer,female,12.6,59.2,79.2,52.5,34.8
G0123,Shannan,male,8.9,51.3,63.5,47.4,20.92
G0123,Shannan,male,11.1,54.5,72.4,53.1,26.21
G0123,Shannan,male,14.6,58.3,77.0,57.1,34.6
G0123,Shannan,male,17.1,63.6,80.8,55.7,37.91
G0123,Shannan,male,20.1,65.6,83.9,59.9,44.1
G0123,Shannan,male,24.1,68.9,86.0,66.5,50.43
G0123,Shannan,male,27.7,64.2,89.2,62.2,49.86
G0124,Black Bengal,male,10.4,37.7,55.0,36.2,11.98
G0124,Black Bengal,male,13.9,41.6,60.2,38.5,14.16
G0124,Black Bengal,male,17.5,43.2,67.6,38.8,16.86
G0124,Black Bengal,male,19.5,45.0,60.7,41.6,17.2
G0125,Boer,female,1.3,31.1,43.6,29.4,5.67
G0125,Boer,female,3.1,35.1,48.4,34.2,8.76
G0125,Boer,female,6.8,46.1,67.1,43.8,19.21
G0125,Boer,female,8.4,48.8,70.3,44.5,23.04
G0125,Boer,female,11.8,58.3,82.1,53.8,36.25
G0126,Boer,female,9.7,51.8,77.6,53.0,28.13
G0126,Boer,female,11.7,57.8,82.7,53.2,36.64
G0126,Boer,female,14.4,60.9,83.4,61.0,43.57
G0126,Boer,female,17.3,65.1,87.2,57.9,49.95
G0126,Boer,female,19.9,68.4,92.0,62.5,57.77
G0127,Sirohi,female,7.4,43.3,56.0,41.0,10.57
G0127,Sirohi,female,10.7,48.8,60.1,45.9,15.34
G0127,Sirohi,female,13.5,50.9,69.6,48.1,18.81
G0127,Sirohi,female,16.0,53.0,65.6,52.8,21.25
G0127,Sirohi,female,19.7,58.7,66.2,55.3,23.43
G0128,Sirohi,male,16.5,63.2,75.1,57.2,30.92
G0128,Sirohi,male,19.4,61.2,80.4,62.1,36.22
G0128,Sirohi,male,22.2,64.3,79.2,61.5,39.53
G0129,Sirohi,male,3.8,37.4,49.8,37.8,8.2
G0129,Sirohi,male,6.0,44.3,55.5,42.0,13.04
G0129,Sirohi,male,8.1,48.1,61.0,46.5,16.62
G0129,Sirohi,male,10.2,57.0,67.6,54.3,23.76
G0129,Sirohi,male,13.0,58.8,78.6,58.1,30.51
G0129,Sirohi,male,15.4,61.2,77.8,59.5,33.25
G0129,Sirohi,male,18.1,65.0,78.5,60.1,36.53
G0130,Sirohi,female,3.1,34.9,43.8,32.3,5.69
G0130,Sirohi,female,6.5,43.1,53.0,42.0,10.4
G0130,Sirohi,female,9.8,47.2,57.0,46.2,14.68
G0130,Sirohi,female,13.2,50.9,64.6,47.3,19.59
G0130,Sirohi,female,16.4,58.5,69.3,55.4,25.02
G0131,Sirohi,female,5.8,39.6,48.0,38.5,7.98
G0131,Sirohi,female,7.9,41.9,53.8,41.7,10.86
G0131,Sirohi,female,11.9,48.5,60.7,47.0,15.86
G0131,Sirohi,female,15.3,54.5,66.1,50.1,19.93
G0131,Sirohi,female,17.2,56.0,66.5,55.2,22.8
G0131,Sirohi,female,19.9,58.2,69.7,55.8,25.72
G0131,Sirohi,female,23.1,59.8,72.9,55.9,27.47
G0132,Khari,male,8.4,45.6,61.7,42.2,14.27
G0132,Khari,male,12.2,51.5,65.2,50.8,19.86
G0132,Khari,male,14.2,56.2,72.4,49.4,22.15
G0132,Khari,male,16.9,56.4,77.0,52.2,25.54
G0133,Black Bengal,female,11.6,32.8,49.1,31.6,8.31
G0133,Black Bengal,female,13.8,34.3,50.1,31.8,8.94
G0133,Black Bengal,female,16.1,37.9,50.0,34.2,10.39
G0133,Black Bengal,female,18.8,35.8,54.3,35.8,10.89
G0133,Black Bengal,female,21.1,36.8,52.5,31.5,10.44
G0133,Black Bengal,female,24.8,37.9,52.3,34.1,10.99
G0134,Boer,male,6.8,51.1,72.1,48.8,26.38
G0134,Boer,male,9.9,58.7,81.7,55.8,37.19
G0134,Boer,male,13.3,69.1,101.6,65.2,59.67
G0134,Boer,male,16.0,72.6,96.7,68.8,67.52
G0134,Boer,male,18.5,76.1,104.8,74.2,79.55
G0135,Sirohi,female,6.9,44.0,54.2,40.3,10.68
G0135,Sirohi,female,9.8,50.5,60.8,46.7,16.23
G0135,Sirohi,female,12.4,51.1,66.8,47.8,19.25
G0136,Shannan,female,6.8,38.6,55.9,38.0,10.0
G0136,Shannan,female,8.5,44.7,60.3,41.7,13.49
G0136,Shannan,female,10.7,46.0,58.4,42.4,16.92
G0136,Shannan,female,12.5,48.1,58.7,45.3,19.7
G0136,Shannan,female,15.3,52.3,71.2,50.0,24.13
G0137,Shannan,male,10.7,54.0,68.8,50.6,24.57
G0137,Shannan,male,12.2,54.2,69.9,49.4,26.9
G0137,Shannan,male,14.4,61.5,77.5,56.6,31.15
G0137,Shannan,male,18.3,58.5,80.5,59.9,39.28
G0137,Shannan,male,19.8,65.7,87.1,59.7,44.48
G0138,Khari,female,8.9,38.7,49.9,37.3,9.13
G0138,Khari,female,11.5,43.1,54.6,41.9,11.9
G0138,Khari,female,14.0,46.6,59.4,43.3,14.15
G0138,Khari,female,17.3,49.3,61.3,45.3,16.06
G0138,Khari,female,19.3,48.8,63.8,45.5,17.02
G0139,Sirohi,female,3.1,34.4,41.8,32.8,5.45
G0139,Sirohi,female,5.7,40.8,49.1,38.0,8.84
G0139,Sirohi,female,9.1,46.9,58.0,43.6,14.14
G0139,Sirohi,female,13.0,54.1,66.5,51.2,21.48
G0139,Sirohi,female,16.7,59.5,68.9,53.4,26.5
G0139,Sirohi,female,18.8,61.1,70.7,60.0,29.2
G0139,Sirohi,female,21.7,61.0,75.3,59.3,32.47
G0140,Shannan,female,15.4,54.0,68.3,45.1,22.6
G0140,Shannan,female,17.6,55.7,69.6,49.6,26.37
G0140,Shannan,female,20.3,58.1,71.8,53.7,28.94
G0140,Shannan,female,24.0,56.9,78.7,54.5,29.61
G0140,Shannan,female,26.1,57.1,77.4,52.6,30.28
G0140,Shannan,female,29.6,57.2,75.5,55.4,31.12
G0141,Sirohi,female,5.9,41.2,49.8,38.8,9.27
G0141,Sirohi,female,9.0,48.5,56.5,44.5,13.21
G0141,Sirohi,female,12.6,54.4,63.1,50.6,19.19
G0141,Sirohi,female,15.6,57.6,64.5,50.6,23.11
G0142,Boer,female,7.1,43.2,59.0,39.2,14.65
G0142,Boer,female,9.2,47.2,65.0,44.3,18.34
G0142,Boer,female,12.3,50.9,74.5,45.7,25.02
G0142,Boer,female,14.8,53.7,73.6,51.1,30.26
G0143,Boer,male,4.2,44.2,57.6,38.1,13.74
G0143,Boer,male,7.5,49.2,68.4,49.0,24.05
G0143,Boer,male,9.9,55.8,78.3,52.4,33.83
G0143,Boer,male,11.5,61.0,87.2,56.9,41.69
G0144,Boer,female,9.6,51.3,68.8,46.3,22.95
G0144,Boer,female,13.2,55.8,81.1,54.4,32.05
G0144,Boer,female,15.5,57.8,77.6,55.4,36.28
G0144,Boer,female,18.3,61.6,79.9,57.8,43.24
G0144,Boer,female,21.7,64.9,87.7,57.6,47.99
G0144,Boer,female,25.7,67.9,96.5,65.5,56.95
G0145,Boer,female,10.3,51.5,67.5,48.3,24.23
G0145,Boer,female,12.6,54.6,79.5,53.9,30.79
G0145,Boer,female,14.8,60.5,78.7,55.4,38.1
G0145,Boer,female,18.8,64.7,82.9,62.0,50.17
G0145,Boer,female,20.7,65.3,87.7,60.0,51.09
G0145,Boer,female,24.1,65.3,91.2,61.7,53.16
G0145,Boer,female,26.5,65.5,89.2,62.8,54.33
G0146,Shannan,female,15.0,50.6,66.2,47.6,20.29
G0146,Shannan,female,18.6,53.1,68.3,49.1,24.21
G0146,Shannan,female,22.4,57.4,73.6,51.6,28.72
G0146,Shannan,female,24.7,57.4,74.7,51.0,29.51
G0147,Black Bengal,male,9.1,36.1,51.0,32.8,9.96
G0147,Black Bengal,male,12.7,37.6,57.1,35.7,12.24
G0147,Black Bengal,male,16.3,38.7,55.8,37.5,12.73
G0147,Black Bengal,male,18.0,42.5,59.4,40.1,15.27
G0148,Sirohi,female,8.1,43.1,51.7,44.3,12.19
G0148,Sirohi,female,9.9,47.2,59.5,45.0,13.93
G0148,Sirohi,female,11.8,50.5,61.7,47.1,17.02
G0148,Sirohi,female,14.9,52.9,68.2,49.8,21.35
G0148,Sirohi,female,16.5,52.9,70.2,51.6,23.1
G0148,Sirohi,female,18.3,59.5,68.9,55.5,24.27
G0148,Sirohi,female,21.7,60.1,70.6,53.9,27.11
G0149,Boer,male,8.7,56.3,74.1,51.2,28.67
G0149,Boer,male,11.3,60.3,85.9,61.2,41.7
G0149,Boer,male,14.2,67.3,91.6,60.8,50.62
G0149,Boer,male,15.7,67.2,92.3,65.1,58.21
G0149,Boer,male,18.2,71.7,101.2,67.5,64.89
G0149,Boer,male,21.1,73.8,100.1,65.5,71.35
G0149,Boer,male,24.3,77.8,104.3,73.6,78.64
G0150,Khari,male,8.2,42.6,53.3,39.1,10.5
G0150,Khari,male,10.1,43.3,56.4,39.2,11.77
G0150,Khari,male,13.9,49.6,59.4,49.0,17.07
G0150,Khari,male,16.3,53.5,63.9,48.7,20.45
G0150,Khari,male,20.2,52.7,62.8,52.1,20.56
G0150,Khari,male,23.7,51.8,65.5,52.8,22.48
G0151,Khari,female,5.5,40.7,48.8,36.3,8.53
G0151,Khari,female,7.8,45.7,53.9,40.4,10.78
G0151,Khari,female,10.4,45.0,60.6,44.2,13.78
G0151,Khari,female,14.2,51.9,66.6,46.2,18.33
G0151,Khari,female,15.8,50.7,65.3,46.6,18.92
G0152,Khari,male,14.2,49.1,61.3,47.7,17.33
G0152,Khari,male,16.5,52.7,65.4,50.0,19.21
G0152,Khari,male,19.8,54.9,67.5,50.5,21.49
G0152,Khari,male,23.0,55.6,64.7,50.5,22.65
G0153,Shannan,male,16.0,58.8,80.0,57.8,34.5
G0153,Shannan,male,18.3,65.2,83.7,58.3,41.24
G0153,Shannan,male,20.5,67.1,86.5,58.7,43.73
G0154,Boer,male,8.7,56.3,79.0,52.0,35.94
G0154,Boer,male,11.4,65.0,94.7,58.9,48.09
G0154,Boer,male,13.0,66.1,89.1,61.3,53.44
G0154,Boer,male,16.3,70.5,101.9,68.8,70.53
G0154,Boer,male,19.8,76.9,108.6,71.9,79.36
G0154,Boer,male,23.7,81.4,116.3,74.9,100.05
G0155,Shannan,female,11.2,53.5,67.1,47.8,21.59
G0155,Shannan,female,14.5,52.8,75.4,50.8,25.68
G0155,Shannan,female,16.4,59.2,74.0,54.4,30.3
G0155,Shannan,female,19.9,57.3,80.3,57.9,32.32
G0155,Shannan,female,23.3,61.4,80.1,57.8,35.87
G0155,Shannan,female,25.3,60.7,87.5,60.3,38.98
G0155,Shannan,female,26.9,63.0,86.2,55.5,39.62
G0156,Black Bengal,female,4.6,29.3,40.3,27.0,5.11
G0156,Black Bengal,female,6.9,30.9,44.9,29.0,6.65
G0156,Black Bengal,female,9.5,34.4,52.3,31.7,8.69
G0156,Black Bengal,female,13.1,38.3,54.8,35.4,11.57
G0157,Boer,male,14.4,65.9,90.0,63.9,56.08
G0157,Boer,male,16.7,68.8,92.3,64.8,61.95
G0157,Boer,male,19.6,70.2,99.1,68.8,68.65
G0157,Boer,male,21.9,76.4,100.7,71.4,76.06
G0157,Boer,male,25.5,80.4,102.0,73.7,88.89
G0157,Boer,male,29.4,83.2,108.8,78.1,97.77
G0158,Shannan,male,7.0,42.8,56.1,41.4,12.82
G0158,Shannan,male,9.3,49.3,67.1,43.3,17.93
G0158,Shannan,male,11.2,50.2,65.8,47.7,21.95
G0158,Shannan,male,14.9,56.2,70.5,54.2,28.64
G0158,Shannan,male,16.7,55.6,75.5,56.7,31.27
G0159,Khari,female,6.0,36.7,45.1,34.4,6.29
G0159,Khari,female,9.0,39.9,48.5,38.3,9.03
G0159,Khari,female,11.9,45.4,54.8,41.2,12.25
G0159,Khari,female,14.8,45.3,56.5,44.7,14.14
G0159,Khari,female,16.4,46.8,59.2,46.6,14.95
G0159,Khari,female,19.0,48.7,60.0,45.7,17.09
G0160,Boer,female,2.0,33.6,44.3,30.7,6.73
G0160,Boer,female,3.7,37.3,49.6,34.6,9.65
G0160,Boer,female,6.6,46.1,62.6,41.0,17.72
G0160,Boer,female,8.3,49.3,70.3,47.5,22.19
G0160,Boer,female,10.7,53.9,77.3,51.6,31.04
G0160,Boer,female,14.1,60.3,83.1,56.0,41.64
G0161,Black Bengal,male,15.8,38.5,57.5,37.8,13.62
G0161,Black Bengal,male,17.7,41.5,60.5,38.7,13.79
G0161,Black Bengal,male,19.6,40.3,59.4,37.4,14.43
G0161,Black Bengal,male,23.0,41.6,58.3,37.2,15.09
G0161,Black Bengal,male,26.4,43.1,59.1,39.3,16.86
G0161,Black Bengal,male,30.0,41.7,60.7,40.4,15.89
G0162,Boer,female,17.7,65.6,88.7,61.1,48.71
G0162,Boer,female,21.7,67.4,90.4,64.7,56.33
G0162,Boer,female,25.4,69.5,97.6,66.0,61.92
G0162,Boer,female,27.7,68.9,97.1,65.5,64.46
G0162,Boer,female,31.6,73.3,99.3,65.9,71.4
G0162,Boer,female,34.7,73.9,102.9,67.4,72.67
G0163,Black Bengal,male,13.8,42.9,58.6,38.8,14.31
G0163,Black Bengal,male,15.9,42.1,52.3,40.1,15.78
G0163,Black Bengal,male,18.3,39.3,62.7,39.8,16.39
G0164,Boer,male,13.3,68.2,92.7,57.9,52.09
G0164,Boer,male,17.0,69.1,95.8,62.3,61.38
G0164,Boer,male,19.6,72.8,94.4,68.2,72.9
G0165,Black Bengal,female,11.3,36.0,51.3,33.0,9.92
G0165,Black Bengal,female,14.6,37.7,53.9,35.2,11.63
G0165,Black Bengal,female,17.7,38.7,57.0,35.7,12.41
G0165,Black Bengal,female,20.1,37.6,52.7,38.0,12.45
G0165,Black Bengal,female,22.5,40.9,55.9,36.6,13.05
G0165,Black Bengal,female,25.7,41.2,58.5,37.9,14.98
G0166,Sirohi,male,5.6,43.5,52.9,39.6,10.57
G0166,Sirohi,male,7.7,49.4,54.3,43.5,13.32
G0166,Sirohi,male,9.8,51.4,62.5,49.1,17.44
G0167,Boer,male,6.6,44.5,64.5,46.1,19.39
G0167,Boer,male,9.7,54.8,75.7,48.3,29.63
G0167,Boer,male,12.8,63.2,87.0,59.6,44.99
G0167,Boer,male,16.2,63.9,88.9,62.1,51.39
G0167,Boer,male,19.8,69.9,98.7,65.6,68.04
G0167,Boer,male,21.4,73.9,97.3,64.6,63.3
G0168,Boer,female,11.8,58.3,78.7,56.0,35.39
G0168,Boer,female,13.6,60.1,85.4,55.5,40.08
G0168,Boer,female,17.0,62.2,86.3,62.6,46.66
G0168,Boer,female,19.3,67.4,92.4,61.5,51.61
G0168,Boer,female,20.9,67.5,97.9,63.4,55.73
G0168,Boer,female,23.0,66.5,96.4,67.1,60.93
G0169,Boer,male,7.3,50.2,69.7,47.8,22.65
G0169,Boer,male,8.9,53.9,73.9,49.7,28.27
G0169,Boer,male,11.1,55.7,81.4,56.7,37.23
G0169,Boer,male,13.3,60.3,85.6,58.8,44.47
G0170,Black Bengal,male,6.9,32.9,47.8,31.7,7.89
G0170,Black Bengal,male,10.4,39.2,55.6,35.7,11.81
G0170,Black Bengal,male,14.3,39.4,57.6,38.3,14.9
G0170,Black Bengal,male,17.2,43.9,63.6,41.6,16.76
G0170,Black Bengal,male,19.9,41.1,61.3,42.0,17.09
G0170,Black Bengal,male,23.3,47.2,64.6,42.0,19.18
G0170,Black Bengal,male,25.1,44.1,70.5,43.7,19.56
G0171,Boer,female,3.6,40.6,56.7,38.3,11.66
G0171,Boer,female,6.2,47.5,68.0,45.6,20.02
G0171,Boer,female,8.3,52.6,74.9,49.3,27.1
G0171,Boer,female,10.8,58.3,81.7,56.1,36.85
G0171,Boer,female,14.4,66.5,93.9,62.7,52.46
G0171,Boer,female,17.9,70.9,100.1,65.7,64.4
G0171,Boer,female,20.2,70.2,101.4,68.2,71.17
G0172,Boer,male,11.6,58.2,79.4,57.8,40.13
G0172,Boer,male,13.2,60.6,88.1,54.4,46.57
G0172,Boer,male,15.3,65.8,95.2,69.5,56.84
G0173,Sirohi,male,3.4,38.2,43.9,36.6,6.97
G0173,Sirohi,male,5.9,45.1,58.5,44.1,12.24
G0173,Sirohi,male,7.7,50.4,60.3,46.1,15.23
G0174,Black Bengal,male,12.7,37.4,57.5,35.7,12.04
G0174,Black Bengal,male,15.5,39.7,56.6,37.7,13.74
G0174,Black Bengal,male,17.8,40.5,57.6,36.9,14.22
G0175,Boer,male,14.1,67.3,82.8,63.5,54.39
G0175,Boer,male,17.4,70.4,90.8,67.1,63.04
G0175,Boer,male,19.1,69.3,100.4,63.9,66.76
G0175,Boer,male,22.0,70.9,101.2,71.2,75.95
G0175,Boer,male,25.9,75.8,108.4,67.9,85.37
G0175,Boer,male,29.2,81.2,109.3,74.4,97.08
G0176,Boer,male,11.6,64.1,86.1,60.8,46.35
G0176,Boer,male,14.3,68.0,93.8,62.9,61.91
G0176,Boer,male,18.3,74.6,100.4,70.8,80.58
G0176,Boer,male,20.5,76.9,106.6,75.8,83.85
G0176,Boer,male,22.4,77.6,106.4,72.8,95.03
G0176,Boer,male,24.4,81.6,103.0,81.5,100.81
G0177,Sirohi,male,4.8,39.6,51.3,39.5,9.13
G0177,Sirohi,male,8.4,48.1,60.3,46.2,16.34
G0177,Sirohi,male,10.3,53.0,68.3,51.0,21.08
G0177,Sirohi,male,13.9,60.9,72.1,55.3,26.42
G0177,Sirohi,male,17.1,62.7,77.5,59.8,34.58
G0177,Sirohi,male,18.7,66.8,75.8,58.7,35.49
G0177,Sirohi,male,20.3,68.1,83.6,62.1,38.87
G0178,Boer,female,5.6,43.5,55.8,41.0,14.4
G0178,Boer,female,8.3,47.8,68.6,47.5,20.53
G0178,Boer,female,12.1,58.5,77.3,53.0,34.76
G0178,Boer,female,14.3,59.6,81.0,55.1,41.42
G0178,Boer,female,17.5,63.2,89.4,60.2,53.44
G0178,Boer,female,21.4,67.9,91.6,67.0,58.0
G0179,Boer,male,11.2,63.4,98.9,62.0,52.01
G0179,Boer,male,13.3,69.7,92.5,63.5,63.08
G0179,Boer,male,15.7,72.8,109.0,66.3,74.0
G0179,Boer,male,19.5,81.0,116.6,78.7,100.72
G0180,Black Bengal,male,9.5,36.8,54.4,37.0,11.52
G0180,Black Bengal,male,11.9,40.1,55.1,39.5,14.09
G0180,Black Bengal,male,14.4,41.4,63.0,40.9,16.21
G0180,Black Bengal,male,16.7,43.6,61.7,42.2,18.03
G0180,Black Bengal,male,19.9,45.2,70.1,42.7,20.11
G0180,Black Bengal,male,22.1,45.6,70.0,43.7,21.64
G0181,Shannan,male,10.5,51.1,69.9,48.8,22.38
G0181,Shannan,male,13.3,59.9,73.9,53.9,31.53
G0181,Shannan,male,15.3,60.7,80.2,55.2,34.14
G0181,Shannan,male,17.2,61.4,77.5,56.1,37.23
G0181,Shannan,male,20.0,63.3,84.1,58.6,42.9
G0181,Shannan,male,22.5,66.1,87.8,58.8,47.29
G0182,Sirohi,male,10.8,58.4,79.8,55.3,25.4
G0182,Sirohi,male,12.8,63.6,77.1,58.3,31.24
G0182,Sirohi,male,15.1,66.6,84.0,60.5,38.96
G0182,Sirohi,male,17.8,69.6,85.9,67.1,41.73
G0182,Sirohi,male,21.0,71.4,95.2,62.2,44.89
G0183,Black Bengal,female,8.2,35.7,49.1,31.6,8.61
G0183,Black Bengal,female,11.9,36.2,52.7,33.8,10.48
G0183,Black Bengal,female,13.4,38.0,57.2,36.5,12.36
G0183,Black Bengal,female,17.0,38.3,55.1,35.7,14.06
G0183,Black Bengal,female,20.8,41.5,59.4,38.1,15.54
G0184,Shannan,female,4.0,35.8,45.2,35.5,7.18
G0184,Shannan,female,7.2,43.6,57.0,41.7,12.58
G0184,Shannan,female,9.2,47.5,62.6,44.4,17.65
G0184,Shannan,female,11.4,49.3,69.1,48.5,20.7
G0184,Shannan,female,13.2,52.4,69.9,47.6,24.37
G0185,Sirohi,male,13.3,63.3,77.0,54.2,28.98
G0185,Sirohi,male,15.0,60.0,77.1,58.6,31.97
G0185,Sirohi,male,17.0,63.1,77.3,62.7,36.69
G0185,Sirohi,male,20.3,64.3,81.1,64.4,39.24
G0185,Sirohi,male,23.1,66.3,86.8,63.6,40.58
G0185,Sirohi,male,27.0,66.7,87.2,64.2,42.55
G0185,Sirohi,male,29.7,71.3,79.0,66.6,45.91
G0186,Sirohi,male,2.6,35.5,45.8,34.0,6.06
G0186,Sirohi,male,4.5,42.8,53.6,40.3,9.83
G0186,Sirohi,male,6.0,46.1,59.3,45.5,12.94
G0186,Sirohi,male,7.8,52.2,63.2,47.7,17.76
G0186,Sirohi,male,10.0,54.8,67.5,51.0,21.69
G0186,Sirohi,male,13.0,60.8,76.6,57.8,30.41
G0186,Sirohi,male,15.9,69.0,82.8,62.4,36.14
G0187,Khari,female,2.7,30.3,37.7,28.2,3.97
G0187,Khari,female,5.9,37.0,46.7,35.3,7.4
G0187,Khari,female,8.9,41.7,50.8,39.7,10.49
G0187,Khari,female,10.7,44.3,54.8,43.6,11.43
G0188,Sirohi,male,12.6,59.4,74.9,55.8,29.28
G0188,Sirohi,male,15.3,60.9,78.7,58.3,34.84
G0188,Sirohi,male,17.6,68.7,88.0,65.1,39.83
G0188,Sirohi,male,19.3,70.6,89.8,67.6,43.71
G0189,Shannan,female,3.1,30.7,41.0,29.5,5.08
G0189,Shannan,female,6.1,40.4,50.8,37.1,9.85
G0189,Shannan,female,9.2,43.2,57.8,40.4,13.98
G0189,Shannan,female,11.6,49.1,65.2,45.9,18.96
G0190,Khari,male,15.5,54.7,64.3,49.6,21.1
G0190,Khari,male,18.5,57.4,66.6,51.4,23.71
G0190,Khari,male,20.0,52.5,69.1,48.5,22.87
G0190,Khari,male,23.3,56.9,70.5,55.3,26.17
G0190,Khari,male,25.0,57.7,74.9,55.2,26.17
G0191,Shannan,female,9.1,44.4,59.6,42.5,14.47
G0191,Shannan,female,11.8,47.7,63.5,44.2,17.55
G0191,Shannan,female,14.1,50.2,68.8,48.1,20.3
G0191,Shannan,female,17.3,52.7,69.5,48.8,24.63
G0192,Khari,female,14.1,47.2,60.5,44.8,15.52
G0192,Khari,female,17.3,49.7,61.7,47.4,17.49
G0192,Khari,female,21.2,51.8,63.9,47.6,19.85
G0192,Khari,female,22.9,52.1,62.9,46.6,19.68
G0192,Khari,female,26.9,51.2,66.4,51.7,20.43
G0193,Black Bengal,female,11.5,38.7,59.2,36.7,13.3
G0193,Black Bengal,female,13.2,40.0,61.9,36.6,14.15
G0193,Black Bengal,female,16.5,42.4,63.7,40.7,16.71
G0193,Black Bengal,female,20.3,42.0,65.2,40.7,17.97
G0193,Black Bengal,female,22.7,46.1,71.0,41.6,19.09
G0193,Black Bengal,female,26.5,44.9,66.7,42.5,20.46
G0194,Shannan,female,7.0,40.5,52.2,37.8,10.74
G0194,Shannan,female,10.1,47.3,62.7,44.0,17.54
G0194,Shannan,female,14.0,51.9,63.5,48.6,22.16
G0194,Shannan,female,17.0,52.9,72.6,48.1,26.6
G0194,Shannan,female,20.9,56.1,78.7,55.1,32.55
G0194,Shannan,female,24.1,59.8,80.9,57.1,32.75
G0195,Khari,male,13.7,54.2,70.7,50.0,21.47
G0195,Khari,male,16.7,56.9,72.8,51.4,24.46
G0195,Khari,male,18.7,56.9,72.6,57.1,26.74
G0195,Khari,male,22.0,58.4,80.3,54.9,28.63
G0195,Khari,male,24.9,63.3,76.1,58.1,31.27
G0195,Khari,male,27.9,59.4,82.7,56.4,32.11
G0196,Black Bengal,male,9.1,33.9,47.6,32.2,9.19
G0196,Black Bengal,male,11.5,36.9,54.3,34.4,11.25
G0196,Black Bengal,male,14.3,39.1,57.7,35.5,13.39
G0197,Shannan,female,14.4,54.5,74.2,51.8,27.63
G0197,Shannan,female,17.8,56.4,76.3,54.7,31.38
G0197,Shannan,female,19.4,58.2,77.0,54.1,33.35
G0198,Sirohi,female,16.3,48.6,60.3,47.4,15.56
G0198,Sirohi,female,19.9,52.4,62.6,51.0,18.63
G0198,Sirohi,female,21.4,54.0,64.8,49.5,19.82
G0198,Sirohi,female,22.9,48.5,66.8,51.4,19.25
G0198,Sirohi,female,24.7,55.4,65.2,51.6,22.6
G0198,Sirohi,female,26.2,58.3,68.6,52.0,22.36
G0198,Sirohi,female,27.9,55.1,68.9,51.4,22.68
G0199,Black Bengal,female,9.7,34.4,55.0,32.6,9.7
G0199,Black Bengal,female,12.2,35.9,56.5,36.2,11.5
G0199,Black Bengal,female,14.8,38.8,57.1,36.6,12.81
G0199,Black Bengal,female,18.3,38.4,59.1,37.4,13.7
G0199,Black Bengal,female,20.3,39.0,55.2,36.5,13.93
G0199,Black Bengal,female,22.1,40.0,60.3,37.3,14.85
G0199,Black Bengal,female,25.2,42.8,59.7,40.5,16.24
G0200,Khari,male,9.1,44.2,56.8,44.6,13.51
G0200,Khari,male,11.3,46.9,57.5,44.8,14.75
G0200,Khari,male,14.2,51.5,66.7,47.7,18.91
G0200,Khari,male,17.0,53.0,64.6,47.0,20.99
G0200,Khari,male,20.2,56.8,72.7,53.1,23.47
G0200,Khari,male,24.2,60.4,74.0,55.6,26.97
G0201,Sirohi,male,5.0,42.2,52.7,41.8,10.16
G0201,Sirohi,male,8.4,52.7,62.9,47.2,16.33
G0201,Sirohi,male,11.7,57.9,64.6,53.6,23.21
G0201,Sirohi,male,15.2,63.1,73.0,56.4,29.64
G0202,Shannan,male,13.2,56.6,72.7,53.0,28.51
G0202,Shannan,male,16.1,58.6,78.7,57.5,35.05
G0202,Shannan,male,20.0,62.5,80.2,60.5,39.97
G0202,Shannan,male,22.4,63.5,79.7,59.0,41.79
G0202,Shannan,male,25.5,64.2,89.0,62.4,44.8
G0202,Shannan,male,29.4,68.4,85.2,64.1,47.23
G0203,Shannan,female,4.0,36.5,47.0,33.9,7.81
G0203,Shannan,female,7.0,43.6,53.3,40.2,12.32
G0203,Shannan,female,8.9,46.4,61.5,45.0,16.6
G0203,Shannan,female,10.7,50.0,67.9,47.3,19.39
G0203,Shannan,female,12.8,54.4,65.5,50.3,21.44
G0204,Khari,female,14.9,48.1,66.4,48.5,18.43
G0204,Khari,female,18.4,52.6,71.3,46.2,20.38
G0204,Khari,female,21.3,53.8,72.4,51.9,21.31
G0204,Khari,female,25.0,55.5,71.3,51.5,24.15
G0204,Khari,female,27.3,52.7,73.8,51.0,23.34
G0205,Khari,male,11.4,49.7,63.0,45.9,16.5
G0205,Khari,male,13.2,52.8,66.0,47.7,19.8
G0205,Khari,male,15.2,52.2,67.4,51.4,22.37
G0205,Khari,male,19.2,56.7,70.0,50.1,24.46
G0205,Khari,male,22.3,57.8,71.0,53.7,27.82
G0205,Khari,male,25.8,58.8,72.8,55.2,28.98
G0206,Boer,female,6.6,43.3,57.7,39.4,14.17
G0206,Boer,female,9.9,51.1,68.4,48.6,24.14
G0206,Boer,female,11.9,55.9,75.6,52.0,30.61
G0206,Boer,female,15.0,58.0,78.1,54.9,35.81
G0206,Boer,female,18.7,62.7,82.2,62.1,45.51
G0206,Boer,female,20.9,62.8,91.2,62.4,47.94
G0206,Boer,female,23.6,66.0,89.8,62.8,53.37
G0207,Black Bengal,male,3.9,28.8,40.8,28.4,5.43
G0207,Black Bengal,male,7.5,34.8,50.7,32.3,9.56
G0207,Black Bengal,male,11.4,40.0,57.1,36.6,13.39
G0207,Black Bengal,male,13.0,40.4,59.4,38.4,15.1
G0207,Black Bengal,male,15.1,40.9,60.7,37.7,16.03
G0207,Black Bengal,male,18.8,44.0,65.5,41.5,17.67
G0207,Black Bengal,male,21.6,42.9,65.0,40.6,18.91
G0208,Khari,female,15.2,49.3,64.8,46.0,16.75
G0208,Khari,female,17.0,46.5,59.6,47.3,16.94
G0208,Khari,female,21.0,50.9,62.4,47.9,19.24
G0209,Boer,male,4.8,43.7,62.0,42.5,15.5
G0209,Boer,male,6.7,49.5,70.1,49.9,23.54
G0209,Boer,male,9.0,54.6,78.9,51.8,34.04
G0209,Boer,male,12.5,63.8,92.2,59.5,51.24
G0209,Boer,male,16.3,69.4,100.6,67.3,70.24
G0210,Khari,male,9.9,46.1,56.7,42.9,13.49
G0210,Khari,male,12.6,49.0,61.0,46.7,17.26
G0210,Khari,male,14.2,48.9,62.4,47.9,18.81
G0210,Khari,male,17.5,54.4,66.5,51.0,22.24
G0211,Sirohi,female,15.4,53.5,66.1,49.8,18.44
G0211,Sirohi,female,17.1,52.9,69.5,49.3,19.57
G0211,Sirohi,female,19.5,56.7,64.5,50.5,21.33
G0211,Sirohi,female,21.4,54.2,66.8,52.2,21.42
G0211,Sirohi,female,23.2,55.9,68.8,54.1,22.24
G0212,Boer,male,12.0,62.3,82.6,57.1,42.94
G0212,Boer,male,13.7,65.7,88.8,62.7,52.72
G0212,Boer,male,15.7,70.7,91.6,64.0,63.1
G0212,Boer,male,19.4,69.3,95.7,68.0,71.65
G0213,Shannan,male,17.1,60.3,81.3,56.7,39.24
G0213,Shannan,male,20.9,63.0,85.2,62.5,44.61
G0213,Shannan,male,24.4,66.7,90.7,59.8,47.17
G0213,Shannan,male,27.0,65.2,87.8,59.2,51.68
G0213,Shannan,male,30.7,68.5,93.1,61.9,53.72
G0213,Shannan,male,34.7,69.5,88.0,66.4,55.28
G0214,Black Bengal,male,8.1,36.0,49.5,34.4,9.37
G0214,Black Bengal,male,11.4,36.1,56.9,36.1,12.14
G0214,Black Bengal,male,13.9,39.9,59.1,36.8,14.28
G0214,Black Bengal,male,16.7,43.8,66.6,40.1,16.68
G0214,Black Bengal,male,19.4,41.7,62.1,41.3,17.81
G0214,Black Bengal,male,21.8,43.2,63.1,40.6,17.6
G0215,Khari,female,4.6,35.4,43.5,33.1,5.87
G0215,Khari,female,7.5,40.7,48.4,38.0,9.0
G0215,Khari,female,10.1,43.2,54.3,37.2,11.44
G0215,Khari,female,12.1,46.4,56.2,42.6,13.08
G0216,Black Bengal,male,15.5,42.1,61.2,41.4,16.9
G0216,Black Bengal,male,17.9,43.7,64.5,38.7,17.9
G0216,Black Bengal,male,20.9,45.0,64.1,41.8,18.4
G0216,Black Bengal,male,23.7,45.9,67.9,43.0,19.85
G0216,Black Bengal,male,26.3,45.4,65.8,41.7,19.73
G0216,Black Bengal,male,28.4,45.7,68.4,42.1,19.87
G0216,Black Bengal,male,31.0,45.8,66.3,46.7,20.24
G0217,Sirohi,female,8.4,46.6,55.4,42.0,11.95
G0217,Sirohi,female,11.8,51.8,62.6,48.9,17.5
G0217,Sirohi,female,15.3,56.7,65.9,52.1,21.66
G0217,Sirohi,female,17.6,55.4,67.5,50.4,23.21
G0217,Sirohi,female,20.1,59.7,66.4,56.6,27.08
G0217,Sirohi,female,22.5,59.2,72.6,56.0,27.91
G0218,Black Bengal,female,2.5,24.0,33.0,21.4,2.85
G0218,Black Bengal,female,6.2,29.1,41.3,27.3,5.31
G0218,Black Bengal,female,8.2,30.2,45.3,29.0,6.19
G0218,Black Bengal,female,10.3,32.4,48.5,30.8,7.73
G0218,Black Bengal,female,13.7,35.4,50.6,34.6,9.72
G0218,Black Bengal,female,17.2,37.4,53.6,33.9,10.36
G0219,Boer,female,5.3,38.7,55.2,37.8,12.35
G0219,Boer,female,9.2,48.0,68.6,45.8,21.41
G0219,Boer,female,13.2,56.1,75.7,54.0,32.39
G0220,Boer,male,5.4,42.4,63.0,43.2,17.99
G0220,Boer,male,7.6,51.4,75.2,49.9,27.56
G0220,Boer,male,9.8,58.1,82.8,54.7,38.35
G0220,Boer,male,12.5,65.2,97.7,60.5,48.3
G0220,Boer,male,15.9,69.8,96.6,65.4,63.3
G0220,Boer,male,17.8,71.5,105.4,67.7,69.76
G0221,Boer,male,17.1,71.6,96.0,69.8,70.95
G0221,Boer,male,18.8,76.5,100.4,71.4,76.48
G0221,Boer,male,21.6,75.0,103.9,70.4,80.58
G0221,Boer,male,24.6,76.8,106.0,76.4,90.61
G0221,Boer,male,28.4,77.8,114.2,78.1,95.93
G0221,Boer,male,31.2,80.2,111.4,70.7,95.15
G0222,Black Bengal,female,12.1,34.2,49.1,34.5,9.33
G0222,Black Bengal,female,14.1,36.3,53.3,33.6,10.4
G0222,Black Bengal,female,17.0,35.0,53.4,36.0,11.25
G0223,Shannan,female,5.3,35.6,47.5,34.0,7.41
G0223,Shannan,female,8.4,40.1,52.7,39.3,11.15
G0223,Shannan,female,10.8,43.2,59.0,42.2,14.54
G0224,Boer,male,2.5,34.9,48.4,33.2,7.94
G0224,Boer,male,4.0,38.8,58.3,37.4,11.91
G0224,Boer,male,6.6,46.8,61.9,44.5,19.84
G0224,Boer,male,8.6,51.8,70.1,51.7,27.09
G0224,Boer,male,12.3,61.7,81.5,56.0,44.4
G0224,Boer,male,16.2,67.5,93.3,64.3,56.84
G0224,Boer,male,19.4,69.7,89.1,68.1,66.21
G0225,Sirohi,male,13.1,59.5,74.4,55.8,28.05
G0225,Sirohi,male,16.9,69.6,81.6,63.3,38.32
G0225,Sirohi,male,20.8,68.6,82.1,62.3,39.02
G0226,Sirohi,male,3.9,39.7,51.4,39.6,9.31
G0226,Sirohi,male,5.9,46.2,58.6,44.2,13.48
G0226,Sirohi,male,9.3,54.6,69.9,51.3,23.52
G0226,Sirohi,male,11.6,59.3,74.7,57.6,27.98
G0226,Sirohi,male,14.9,64.8,82.0,61.1,36.24
G0227,Shannan,female,9.3,47.8,58.0,41.5,15.7
G0227,Shannan,female,11.3,48.7,62.6,44.6,17.78
G0227,Shannan,female,15.2,52.8,67.4,51.9,25.05
G0227,Shannan,female,17.3,56.4,74.5,51.3,27.2
G0228,Boer,female,12.9,50.9,66.5,46.6,24.88
G0228,Boer,female,15.9,55.5,80.1,51.5,30.47
G0228,Boer,female,19.7,56.2,74.0,53.4,33.95
G0229,Boer,female,12.9,57.2,78.6,55.5,36.88
G0229,Boer,female,16.4,63.4,92.2,59.4,45.78
G0229,Boer,female,19.8,65.9,89.2,64.5,53.34
G0229,Boer,female,22.8,68.9,97.2,61.2,59.5
G0229,Boer,female,25.6,70.1,94.8,63.4,65.27
G0229,Boer,female,29.3,70.3,98.2,69.1,69.57
G0229,Boer,female,31.4,73.1,103.3,69.5,70.5
G0230,Black Bengal,female,2.3,25.4,35.7,24.2,3.55
G0230,Black Bengal,female,4.8,29.3,41.9,27.8,5.51
G0230,Black Bengal,female,8.6,33.7,51.1,34.2,8.71
G0230,Black Bengal,female,10.4,36.8,57.4,35.7,10.62
G0230,Black Bengal,female,12.4,37.4,55.2,35.0,11.29
G0230,Black Bengal,female,14.8,39.0,56.7,35.7,12.72
G0231,Shannan,male,10.8,55.0,74.2,53.4,27.77
G0231,Shannan,male,13.1,59.6,82.7,56.5,33.78
G0231,Shannan,male,17.0,61.9,88.2,58.3,43.33
G0231,Shannan,male,20.7,67.5,94.4,59.5,49.18
G0232,Black Bengal,male,3.6,30.1,46.1,27.9,5.82
G0232,Black Bengal,male,5.5,34.6,50.0,31.0,8.03
G0232,Black Bengal,male,7.6,36.9,52.5,34.1,9.97
G0232,Black Bengal,male,11.4,40.7,63.3,39.6,14.02
G0233,Boer,male,7.3,54.4,68.7,46.8,25.04
G0233,Boer,male,10.0,56.9,80.6,54.7,34.53
G0233,Boer,male,12.5,69.2,88.0,59.4,46.3
G0233,Boer,male,15.7,66.0,91.7,66.4,55.88
G0233,Boer,male,19.0,72.4,96.0,62.7,64.28
G0233,Boer,male,22.2,71.1,99.2,70.0,71.39
G0233,Boer,male,23.8,74.7,105.4,68.9,80.66
G0234,Boer,male,15.7,67.8,93.7,63.6,53.01
G0234,Boer,male,18.4,67.3,92.6,66.8,62.75
G0234,Boer,male,21.6,73.5,104.1,69.6,71.48
G0234,Boer,male,24.6,72.7,102.7,70.8,79.17
G0234,Boer,male,26.4,76.9,103.9,70.2,82.38
G0235,Khari,male,3.9,36.2,41.9,33.5,5.91
G0235,Khari,male,7.9,42.0,51.7,40.2,11.31
G0235,Khari,male,10.7,47.0,59.6,42.8,14.66
G0235,Khari,male,14.3,53.3,64.0,45.7,18.53
G0235,Khari,male,16.6,51.3,69.4,48.3,20.76
G0235,Khari,male,19.5,57.4,69.8,51.0,23.35
G0236,Khari,female,3.9,33.0,39.7,31.9,4.87
G0236,Khari,female,5.9,35.8,47.4,34.6,6.9
G0236,Khari,female,8.9,39.7,51.8,37.4,9.71
G0236,Khari,female,11.3,43.3,54.7,41.0,12.51
G0236,Khari,female,13.6,47.4,55.8,43.1,14.27
G0236,Khari,female,15.2,48.4,60.1,45.1,15.6
G0236,Khari,female,17.7,50.1,62.2,45.1,17.13
G0237,Black Bengal,female,2.9,24.9,38.5,24.3,3.68
G0237,Black Bengal,female,6.8,32.3,44.9,29.6,6.66
G0237,Black Bengal,female,9.7,34.5,47.1,32.5,8.72
G0238,Shannan,female,14.6,53.4,69.8,53.8,23.63
G0238,Shannan,female,18.1,54.3,72.0,53.6,27.79
G0238,Shannan,female,21.7,57.4,75.3,55.9,31.42
G0238,Shannan,female,25.2,58.6,78.8,55.8,33.99
G0238,Shannan,female,28.2,60.7,76.1,56.3,34.49
G0239,Boer,female,10.7,54.1,70.1,51.3,28.4
G0239,Boer,female,13.5,58.4,82.0,53.5,36.75
G0239,Boer,female,15.4,58.3,90.3,59.5,44.63
G0239,Boer,female,17.9,64.5,85.5,60.8,47.64
G0239,Boer,female,21.1,68.4,88.5,67.4,55.96
G0240,Boer,male,6.3,51.6,68.8,45.6,23.64
G0240,Boer,male,9.2,54.9,79.1,52.5,34.85
G0240,Boer,male,12.5,65.1,84.1,58.7,48.27
G0240,Boer,male,16.2,72.5,101.1,65.6,62.33
G0241,Sirohi,female,17.0,57.4,67.7,54.4,24.56
G0241,Sirohi,female,18.6,59.0,74.6,52.9,27.67
G0241,Sirohi,female,21.4,58.3,74.8,60.3,30.59
G0241,Sirohi,female,24.2,61.7,78.7,58.7,30.75
G0241,Sirohi,female,25.8,60.8,72.3,58.5,30.38
G0241,Sirohi,female,28.7,60.6,78.1,58.0,32.22
G0242,Boer,male,2.2,36.5,51.3,35.2,9.12
G0242,Boer,male,4.1,42.4,60.2,40.0,14.53
G0242,Boer,male,6.5,49.5,69.0,48.8,23.27
G0243,Boer,female,5.4,43.6,63.6,42.2,16.33
G0243,Boer,female,9.4,55.3,77.5,49.4,29.32
G0243,Boer,female,11.5,60.7,87.8,58.6,39.52
G0243,Boer,female,13.3,65.2,90.0,58.0,47.69
G0243,Boer,female,15.9,67.3,93.6,60.2,53.92
G0243,Boer,female,19.0,67.1,99.2,66.8,62.32
G0244,Boer,male,12.4,67.6,90.0,58.5,51.69
G0244,Boer,male,15.9,71.0,96.6,67.1,66.57
G0244,Boer,male,17.5,77.0,107.1,69.6,77.57
G0245,Boer,male,5.7,49.4,70.1,47.5,20.89
G0245,Boer,male,8.2,54.8,73.2,50.9,32.46
G0245,Boer,male,10.1,59.3,80.6,54.0,39.02
G0245,Boer,male,11.7,64.9,82.0,56.2,47.52
G0246,Black Bengal,female,7.2,31.7,46.0,32.4,7.09
G0246,Black Bengal,female,10.6,35.6,50.9,33.1,9.27
G0246,Black Bengal,female,12.1,37.5,53.4,34.0,9.92
G0246,Black Bengal,female,15.3,37.8,55.7,34.0,10.98
G0246,Black Bengal,female,18.8,40.6,56.4,36.8,12.71
G0246,Black Bengal,female,21.3,39.1,57.3,38.8,14.03
G0246,Black Bengal,female,23.8,41.3,57.3,38.2,14.18
G0247,Shannan,male,8.6,45.3,60.3,42.4,17.42
G0247,Shannan,male,10.5,52.3,68.9,44.8,20.42
G0247,Shannan,male,13.7,53.6,72.7,51.6,24.98
G0247,Shannan,male,17.0,55.8,72.5,53.8,29.69
G0247,Shannan,male,19.5,60.0,79.6,56.8,34.77
G0247,Shannan,male,22.4,61.6,81.4,60.9,39.24
G0248,Black Bengal,female,14.5,38.8,59.6,36.6,13.11
G0248,Black Bengal,female,17.6,39.9,62.3,39.1,13.8
G0248,Black Bengal,female,19.5,40.9,59.8,36.5,14.1
G0248,Black Bengal,female,22.0,43.1,61.5,40.4,15.6
G0248,Black Bengal,female,23.9,42.6,64.0,38.6,16.03
G0248,Black Bengal,female,27.5,40.4,65.2,39.6,16.55
G0248,Black Bengal,female,29.3,42.4,64.5,42.0,16.93
G0249,Boer,female,2.1,30.4,42.4,29.1,5.38
G0249,Boer,female,5.3,37.5,52.5,35.1,10.01
G0249,Boer,female,9.0,49.0,66.9,44.4,19.63
G0249,Boer,female,10.5,47.2,67.4,46.2,21.72
G0250,Khari,male,5.1,37.0,44.2,34.1,6.79
G0250,Khari,male,8.8,44.4,56.4,40.8,11.71
G0250,Khari,male,12.3,45.4,58.4,45.7,14.39
G0250,Khari,male,14.9,50.2,60.9,46.0,17.04
G0251,Khari,male,9.0,49.4,62.6,43.0,15.26
G0251,Khari,male,12.0,52.5,68.5,50.2,18.9
G0251,Khari,male,14.1,54.0,69.5,50.5,21.0
G0252,Shannan,female,3.7,34.7,43.2,31.4,6.73
G0252,Shannan,female,6.4,41.1,53.2,35.9,10.9
G0252,Shannan,female,8.5,44.4,60.5,42.0,14.86
G0253,Black Bengal,female,15.1,39.6,55.7,36.6,12.2
G0253,Black Bengal,female,18.9,39.4,59.1,37.3,13.72
G0253,Black Bengal,female,22.4,40.1,55.0,37.5,13.36
G0253,Black Bengal,female,24.9,40.8,53.9,38.0,14.63
G0253,Black Bengal,female,28.7,40.6,60.0,37.8,16.14
G0254,Boer,female,10.3,55.8,82.9,54.4,33.3
G0254,Boer,female,14.0,66.0,89.1,59.2,47.37
G0254,Boer,female,17.3,70.0,97.4,64.0,55.66
G0255,Khari,male,6.7,39.3,49.2,38.2,8.71
G0255,Khari,male,8.9,41.6,55.4,39.0,11.58
G0255,Khari,male,10.8,44.7,54.6,43.6,13.68
G0255,Khari,male,13.3,45.4,57.8,44.3,15.33
G0255,Khari,male,16.8,51.2,59.4,49.0,19.01
G0255,Khari,male,20.4,51.9,65.6,53.3,21.41
G0255,Khari,male,23.4,53.7,65.3,53.5,22.42
G0256,Shannan,male,12.7,57.8,83.8,57.7,32.41
G0256,Shannan,male,14.5,59.9,85.0,55.6,37.51
G0256,Shannan,male,17.3,64.0,85.2,63.3,42.43
G0256,Shannan,male,20.3,66.5,97.4,62.5,49.45
G0256,Shannan,male,23.1,69.9,95.8,67.2,52.17
G0256,Shannan,male,25.7,69.6,103.7,64.0,57.96
G0257,Khari,male,15.5,50.2,58.6,44.7,16.78
G0257,Khari,male,19.1,53.6,67.0,49.5,20.71
G0257,Khari,male,20.9,55.5,68.3,49.4,22.45
G0258,Sirohi,female,4.9,39.0,50.5,38.2,8.07
G0258,Sirohi,female,7.5,45.0,55.2,43.7,13.27
G0258,Sirohi,female,11.4,54.8,63.0,48.9,19.21
G0259,Black Bengal,male,7.8,32.8,51.5,32.4,9.01
G0259,Black Bengal,male,10.9,38.6,53.2,38.5,12.55
G0259,Black Bengal,male,13.7,40.7,56.2,38.4,14.27
G0259,Black Bengal,male,17.6,40.7,63.4,39.6,15.99
G0259,Black Bengal,male,20.8,43.0,61.8,37.5,16.75
G0259,Black Bengal,male,22.7,43.1,59.1,40.1,18.36
G0260,Sirohi,male,8.1,48.1,64.1,47.4,16.75
G0260,Sirohi,male,9.9,52.9,69.1,55.6,21.51
G0260,Sirohi,male,13.4,56.0,75.0,53.4,26.57
G0261,Black Bengal,male,2.1,25.6,36.8,25.4,3.54
G0261,Black Bengal,male,4.4,30.0,41.9,28.3,5.67
G0261,Black Bengal,male,7.1,36.3,52.3,33.8,9.34
G0261,Black Bengal,male,10.2,36.9,53.7,36.3,11.81
G0261,Black Bengal,male,13.7,39.7,56.9,38.3,13.53
G0261,Black Bengal,male,17.7,40.2,59.4,38.1,15.63
G0262,Black Bengal,male,16.7,42.9,60.8,40.5,15.68
G0262,Black Bengal,male,18.3,44.1,58.3,39.0,16.71
G0262,Black Bengal,male,20.2,43.3,59.8,39.2,16.3
G0262,Black Bengal,male,21.9,41.3,59.3,39.3,16.1
G0262,Black Bengal,male,24.4,43.4,61.0,39.8,17.32
G0262,Black Bengal,male,26.8,42.7,63.4,37.9,16.72
G0262,Black Bengal,male,30.6,44.0,61.0,40.3,17.08
G0263,Black Bengal,male,2.6,26.5,37.9,25.2,3.98
G0263,Black Bengal,male,5.3,32.2,44.2,28.5,6.77
G0263,Black Bengal,male,8.4,35.1,52.4,31.8,10.02
G0263,Black Bengal,male,10.9,38.6,54.2,36.0,12.14
G0263,Black Bengal,male,14.5,40.6,59.1,39.9,15.53
G0263,Black Bengal,male,17.7,42.6,59.9,38.1,17.01
G0263,Black Bengal,male,21.0,43.8,67.9,41.6,17.78
G0264,Shannan,female,12.9,52.3,67.9,48.9,22.21
G0264,Shannan,female,14.6,52.8,72.6,52.6,25.09
G0264,Shannan,female,16.6,54.6,72.0,54.4,27.97
G0264,Shannan,female,20.4,58.0,74.2,58.2,30.91
G0264,Shannan,female,21.9,58.7,79.7,53.0,33.45
G0265,Black Bengal,male,12.3,40.3,56.0,35.0,13.32
G0265,Black Bengal,male,15.0,40.2,56.0,40.1,14.46
G0265,Black Bengal,male,17.1,41.1,60.2,41.8,16.22
G0265,Black Bengal,male,18.7,43.3,54.8,39.2,16.23
G0265,Black Bengal,male,20.6,44.5,59.7,43.3,17.56
G0265,Black Bengal,male,23.5,43.3,62.6,41.3,18.4
G0266,Shannan,male,13.1,54.7,70.9,54.0,25.53
G0266,Shannan,male,15.5,58.5,76.5,53.8,30.36
G0266,Shannan,male,17.3,56.3,79.0,55.7,33.31
G0266,Shannan,male,18.9,61.7,85.7,58.4,34.47
G0266,Shannan,male,21.9,61.0,78.5,58.8,39.32
G0266,Shannan,male,23.6,62.6,80.7,60.6,37.84
G0266,Shannan,male,26.9,60.2,82.7,57.8,41.12
G0267,Shannan,male,17.1,59.7,75.9,57.4,36.98
G0267,Shannan,male,18.8,59.7,85.1,59.2,39.38
G0267,Shannan,male,21.9,64.2,82.2,60.9,42.7
G0267,Shannan,male,25.2,64.3,83.3,62.0,41.75
G0267,Shannan,male,27.1,63.8,86.3,61.5,44.92
G0267,Shannan,male,30.9,66.0,85.5,60.0,46.86
G0267,Shannan,male,33.7,65.3,87.7,62.3,45.74
G0268,Black Bengal,female,13.0,36.3,52.2,33.1,8.88
G0268,Black Bengal,female,15.8,34.9,49.9,33.5,9.66
G0268,Black Bengal,female,17.7,35.6,50.0,33.1,9.78
G0268,Black Bengal,female,19.3,36.2,51.5,33.8,10.47
G0269,Shannan,female,14.8,55.9,74.0,51.8,27.85
G0269,Shannan,female,17.3,57.3,78.8,53.8,31.53
G0269,Shannan,female,19.1,55.4,80.9,56.6,30.95
G0269,Shannan,female,22.7,61.4,84.0,58.5,37.9
G0269,Shannan,female,26.0,61.9,90.4,59.1,38.82
G0269,Shannan,female,28.3,63.8,89.6,61.3,41.55
G0270,Black Bengal,male,7.2,36.4,56.6,37.7,11.17
G0270,Black Bengal,male,8.9,38.0,60.4,36.0,12.71
G0270,Black Bengal,male,12.2,40.9,59.4,40.5,15.1
G0270,Black Bengal,male,14.6,42.8,62.9,43.5,17.87
G0270,Black Bengal,male,16.9,45.1,68.1,40.8,18.97
G0271,Boer,female,9.5,49.1,67.8,46.5,24.43
G0271,Boer,female,11.4,54.0,73.5,51.3,31.16
G0271,Boer,female,13.8,56.5,77.7,53.2,37.63
G0271,Boer,female,17.7,62.4,84.7,58.1,47.33
G0271,Boer,female,20.6,69.8,96.5,65.1,57.9
G0271,Boer,female,23.1,70.9,94.6,64.7,59.02
G0271,Boer,female,24.6,72.3,94.2,62.4,61.58
G0272,Boer,female,8.2,48.7,71.6,51.1,23.77
G0272,Boer,female,12.2,58.0,83.9,54.0,36.44
G0272,Boer,female,15.6,63.2,82.9,60.4,45.91
G0272,Boer,female,17.1,61.7,90.2,60.3,49.87
G0272,Boer,female,20.5,63.9,90.1,61.1,56.75
G0273,Shannan,female,17.9,54.9,77.2,52.7,28.86
G0273,Shannan,female,19.8,56.9,74.3,52.8,29.41
G0273,Shannan,female,22.9,58.9,75.2,56.2,31.43
G0273,Shannan,female,24.8,56.3,76.7,52.4,31.94
G0273,Shannan,female,27.4,60.3,75.4,55.7,31.37
G0273,Shannan,female,30.7,57.5,76.3,54.1,32.18
G0273,Shannan,female,34.0,57.9,76.9,56.1,35.49
G0274,Boer,male,4.1,42.0,53.7,40.2,14.29
G0274,Boer,male,7.2,50.7,71.2,46.2,26.74
G0274,Boer,male,9.0,58.6,73.9,53.6,35.0
G0274,Boer,male,11.2,64.4,95.5,59.1,47.55
G0274,Boer,male,14.5,69.5,89.3,65.4,59.2
G0274,Boer,male,17.9,74.4,108.6,68.6,76.47
G0275,Boer,female,16.5,62.4,93.7,62.6,51.56
G0275,Boer,female,20.3,71.3,104.2,67.9,63.99
G0275,Boer,female,23.9,72.1,104.5,70.0,66.48
G0275,Boer,female,26.9,75.1,103.0,71.0,77.55
G0276,Sirohi,male,7.1,50.8,63.8,47.5,15.96
G0276,Sirohi,male,10.2,56.6,68.4,51.5,23.18
G0276,Sirohi,male,14.0,62.0,75.1,57.4,31.6
G0277,Boer,female,15.7,64.8,89.6,60.0,45.13
G0277,Boer,female,17.7,62.9,94.0,59.4,48.18
G0277,Boer,female,20.7,67.5,96.3,63.0,58.5
G0277,Boer,female,23.8,71.5,104.6,64.1,64.87
G0278,Shannan,male,6.4,45.5,57.2,41.4,13.75
G0278,Shannan,male,8.6,47.3,65.2,43.7,19.45
G0278,Shannan,male,12.3,58.7,76.2,57.9,30.24
G0278,Shannan,male,16.2,63.3,80.6,61.3,38.05
G0278,Shannan,male,19.4,65.8,91.8,62.6,46.02
G0278,Shannan,male,21.6,65.8,86.4,64.2,47.11
G0279,Boer,female,10.3,53.2,68.8,45.5,25.41
G0279,Boer,female,13.5,55.3,78.9,50.3,31.86
G0279,Boer,female,16.2,57.7,81.8,55.9,39.41
G0279,Boer,female,18.6,62.1,88.7,62.5,46.28
G0279,Boer,female,22.6,62.7,92.6,59.0,53.06
G0279,Boer,female,24.3,66.5,95.9,64.5,55.89
G0279,Boer,female,27.4,67.2,98.9,68.5,60.06
G0280,Sirohi,male,6.3,44.6,59.0,42.4,14.34
G0280,Sirohi,male,9.5,56.3,71.0,52.8,22.84
G0280,Sirohi,male,13.5,59.2,79.5,58.1,31.71
G0281,Boer,female,13.3,59.7,82.8,52.6,38.43
G0281,Boer,female,15.4,62.3,84.3,58.9,43.29
G0281,Boer,female,18.3,64.7,82.9,61.0,49.01
G0281,Boer,female,21.4,68.3,88.6,62.8,58.55
G0281,Boer,female,23.7,69.1,94.7,65.4,59.11
G0281,Boer,female,25.2,67.3,89.6,62.5,58.73
G0282,Khari,male,14.8,50.9,61.3,46.7,17.36
G0282,Khari,male,18.7,51.2,64.6,49.5,19.33
G0282,Khari,male,22.2,53.1,64.0,50.6,20.22
G0282,Khari,male,25.5,53.6,67.5,50.1,21.6
G0282,Khari,male,29.0,54.8,65.5,52.9,23.73
G0282,Khari,male,30.8,52.8,69.3,53.1,23.89
G0282,Khari,male,34.7,56.4,69.0,49.7,22.9
G0283,Sirohi,female,7.1,39.6,51.9,40.6,8.84
G0283,Sirohi,female,8.6,44.3,51.1,40.6,11.16
G0283,Sirohi,female,10.3,45.8,56.6,42.4,12.77
G0283,Sirohi,female,11.8,49.3,60.5,48.7,16.04
G0284,Shannan,male,1.8,32.6,39.7,29.6,5.08
G0284,Shannan,male,4.6,40.0,52.3,36.2,9.98
G0284,Shannan,male,7.3,48.1,63.5,46.0,15.72
G0284,Shannan,male,10.0,53.5,67.9,51.4,23.38
G0285,Boer,female,16.2,62.7,88.2,58.9,46.2
G0285,Boer,female,18.2,62.4,85.8,61.4,50.2
G0285,Boer,female,21.3,68.6,90.1,62.5,55.19
G0285,Boer,female,23.0,64.3,99.7,66.4,61.55
G0285,Boer,female,24.8,67.9,92.3,65.2,58.27
G0285,Boer,female,28.0,71.2,95.6,65.5,64.65
G0285,Boer,female,30.8,72.3,93.2,68.2,71.52
G0286,Sirohi,female,10.6,46.4,58.5,45.0,13.3
G0286,Sirohi,female,14.1,53.3,64.0,45.9,18.22
G0286,Sirohi,female,17.4,56.2,66.0,51.0,20.9
G0287,Khari,female,7.1,40.8,49.9,39.3,8.94
G0287,Khari,female,9.5,44.3,53.7,41.3,11.4
G0287,Khari,female,13.3,46.7,59.5,42.2,14.03
G0287,Khari,female,15.5,48.6,59.6,47.5,16.06
G0288,Boer,female,6.0,46.4,59.2,39.6,16.03
G0288,Boer,female,9.0,50.5,71.6,49.7,23.82
G0288,Boer,female,10.6,52.5,77.4,48.7,30.55
G0288,Boer,female,12.6,58.4,77.6,55.3,37.66
G0289,Khari,female,13.6,46.4,55.2,45.2,14.91
G0289,Khari,female,16.6,47.9,61.5,49.6,16.58
G0289,Khari,female,19.9,49.0,61.7,44.7,18.87
G0289,Khari,female,23.1,53.0,62.8,49.5,20.67
G0290,Boer,female,5.0,39.6,55.8,38.8,12.75
G0290,Boer,female,8.6,51.9,68.6,52.0,24.11
G0290,Boer,female,12.4,56.8,74.3,54.3,34.74
G0290,Boer,female,16.3,61.9,87.2,63.0,45.51
G0290,Boer,female,19.9,65.0,89.2,64.2,54.73
G0291,Shannan,male,12.6,51.7,68.6,51.4,24.63
G0291,Shannan,male,15.3,58.5,78.4,53.4,32.51
G0291,Shannan,male,18.6,60.9,79.9,57.9,36.55
G0291,Shannan,male,21.8,63.5,84.1,59.4,42.63
G0291,Shannan,male,24.9,67.5,85.4,64.9,47.99
G0291,Shannan,male,27.8,69.9,92.4,64.8,50.95
G0292,Black Bengal,female,4.6,26.1,37.9,24.9,4.01
G0292,Black Bengal,female,6.1,28.3,40.4,27.9,5.1
G0292,Black Bengal,female,7.8,30.6,41.8,28.1,6.05
G0293,Sirohi,male,11.4,57.6,69.7,58.7,25.37
G0293,Sirohi,male,13.6,61.6,76.4,56.3,29.81
G0293,Sirohi,male,16.1,64.8,76.1,55.2,33.47
G0294,Sirohi,female,4.4,36.7,45.6,35.0,6.63
G0294,Sirohi,female,6.8,42.6,51.9,42.1,9.94
G0294,Sirohi,female,9.0,46.2,57.8,44.0,13.42
G0294,Sirohi,female,11.1,51.1,60.7,47.7,16.03
G0294,Sirohi,female,13.8,52.6,66.4,50.1,19.02
G0295,Sirohi,female,17.9,59.8,73.8,57.6,28.5
G0295,Sirohi,female,20.5,64.1,81.8,59.7,32.53
G0295,Sirohi,female,23.9,63.1,79.2,61.7,35.3
G0295,Sirohi,female,27.3,64.2,84.4,61.7,35.82
G0295,Sirohi,female,30.8,64.3,82.2,63.4,36.46
G0295,Sirohi,female,33.9,66.3,79.2,65.6,40.84
G0296,Black Bengal,female,12.8,37.3,53.6,36.0,11.57
G0296,Black Bengal,female,15.2,39.0,57.0,36.2,12.74
G0296,Black Bengal,female,17.9,40.3,59.4,35.9,13.59
G0296,Black Bengal,female,20.4,40.1,58.0,36.7,14.65
G0296,Black Bengal,female,21.9,40.1,60.3,36.9,14.32
G0296,Black Bengal,female,25.6,42.2,60.7,39.1,15.6
G0297,Khari,female,9.7,43.7,58.9,42.1,11.87
G0297,Khari,female,13.2,47.5,61.7,46.0,15.67
G0297,Khari,female,16.0,49.6,68.9,45.3,17.74
G0297,Khari,female,17.8,49.5,69.1,47.5,17.66
G0298,Boer,male,13.4,65.9,92.4,57.2,49.53
G0298,Boer,male,17.3,67.6,100.4,65.8,63.23
G0298,Boer,male,19.1,73.2,97.2,65.5,71.11
G0298,Boer,male,22.6,77.7,102.7,74.8,85.77
G0298,Boer,male,25.8,81.3,112.4,72.1,86.99
G0299,Shannan,male,16.2,62.5,84.4,59.0,41.41
G0299,Shannan,male,19.6,67.9,82.8,60.7,47.5
G0299,Shannan,male,21.8,66.4,91.0,63.5,48.63
G0299,Shannan,male,24.1,68.5,91.2,66.7,51.37
G0299,Shannan,male,26.0,67.0,82.0,67.1,49.64
G0299,Shannan,male,28.2,70.1,86.3,62.5,51.51
G0300,Black Bengal,male,2.7,25.4,37.6,24.5,4.1
G0300,Black Bengal,male,6.3,33.3,49.8,29.3,7.7
G0300,Black Bengal,male,10.2,37.7,53.6,36.5,11.89
G0300,Black Bengal,male,13.2,40.1,57.1,37.3,13.73
G0300,Black Bengal,male,16.4,43.4,63.5,40.4,16.48
G0301,Sirohi,male,6.0,46.0,57.2,44.4,13.21
G0301,Sirohi,male,8.0,50.6,59.9,50.5,17.6
G0301,Sirohi,male,11.3,58.8,71.2,53.7,26.41
G0301,Sirohi,male,14.5,65.7,85.5,59.5,34.62
G0301,Sirohi,male,17.8,66.4,87.3,61.9,39.39
G0302,Sirohi,male,6.3,46.4,57.1,43.3,12.65
G0302,Sirohi,male,9.0,52.0,65.5,50.5,19.49
G0302,Sirohi,male,12.2,56.5,69.7,51.3,23.81
G0302,Sirohi,male,14.8,62.5,73.5,59.2,31.62
G0302,Sirohi,male,17.7,63.2,74.9,61.5,33.34
G0302,Sirohi,male,20.4,65.7,83.6,60.1,37.26
G0302,Sirohi,male,22.3,67.8,79.3,63.3,40.55
G0303,Shannan,female,15.8,53.5,69.5,50.9,23.68
G0303,Shannan,female,18.0,54.4,72.5,49.6,27.08
G0303,Shannan,female,20.2,57.3,68.2,52.0,28.47
G0304,Black Bengal,female,5.8,28.7,42.4,29.1,5.74
G0304,Black Bengal,female,8.4,33.2,48.3,30.3,7.6
G0304,Black Bengal,female,10.1,34.0,48.6,32.4,9.14
G0305,Khari,male,1.9,30.0,38.0,28.9,3.81
G0305,Khari,male,4.9,36.8,46.1,35.9,7.17
G0305,Khari,male,8.1,43.8,54.3,39.2,11.84
G0305,Khari,male,11.0,48.9,57.8,44.1,15.63
G0306,Khari,female,5.0,38.6,46.8,34.3,7.51
G0306,Khari,female,8.6,44.5,52.5,41.2,11.94
G0306,Khari,female,12.2,46.5,62.6,46.1,15.22
G0306,Khari,female,14.9,50.0,67.3,48.6,18.74
G0307,Sirohi,female,2.1,28.6,36.1,28.3,3.16
G0307,Sirohi,female,5.4,37.1,45.4,33.4,6.62
G0307,Sirohi,female,8.0,40.3,48.1,37.5,8.67
G0307,Sirohi,female,11.3,44.8,53.4,43.7,12.38
G0307,Sirohi,female,15.0,49.3,61.4,45.9,15.41
G0308,Sirohi,male,9.1,51.1,63.3,51.5,19.4
G0308,Sirohi,male,12.6,60.3,76.1,57.8,29.23
G0308,Sirohi,male,16.0,64.3,77.7,59.7,37.0
G0308,Sirohi,male,20.0,64.1,85.3,64.9,41.27
G0308,Sirohi,male,21.8,70.7,89.6,66.2,43.62
G0308,Sirohi,male,25.5,70.0,93.2,69.2,48.92
G0308,Sirohi,male,27.6,70.1,90.8,67.8,48.63
G0309,Boer,male,11.4,57.8,81.6,53.4,38.73
G0309,Boer,male,14.9,63.3,87.8,61.1,47.88
G0309,Boer,male,16.5,63.0,85.3,62.6,51.58
G0310,Black Bengal,female,5.9,29.8,44.2,29.3,6.19
G0310,Black Bengal,female,7.7,32.5,45.6,30.6,7.18
G0310,Black Bengal,female,9.9,35.4,51.4,34.3,9.21
G0310,Black Bengal,female,12.3,36.5,51.2,35.4,11.0
G0310,Black Bengal,female,15.1,39.4,52.2,37.0,11.99
G0311,Shannan,female,7.3,43.9,60.5,39.8,13.62
G0311,Shannan,female,9.8,49.1,62.4,44.3,17.56
G0311,Shannan,female,11.5,48.8,65.4,47.0,20.69
G0311,Shannan,female,13.9,53.1,70.0,54.1,25.16
G0311,Shannan,female,15.7,53.2,73.7,50.9,26.36
G0311,Shannan,female,18.5,59.2,77.2,53.9,31.74
G0311,Shannan,female,21.8,59.7,78.0,55.3,35.87
G0312,Boer,female,1.9,31.9,43.9,31.8,6.26
G0312,Boer,female,3.6,35.6,51.2,35.1,9.44
G0312,Boer,female,6.2,45.8,62.4,41.6,18.01
G0312,Boer,female,8.8,49.8,71.0,48.6,25.09
G0312,Boer,female,12.6,61.5,77.6,56.4,37.44
G0312,Boer,female,14.9,59.7,79.7,56.7,41.37
G0313,Khari,male,9.1,49.2,60.3,43.4,14.9
G0313,Khari,male,10.7,47.5,60.6,48.8,17.16
G0313,Khari,male,13.9,56.8,67.1,52.4,21.88
G0313,Khari,male,15.5,54.1,68.3,53.4,23.51
G0313,Khari,male,18.8,56.7,74.5,54.7,27.13
G0313,Khari,male,22.5,58.7,76.3,55.8,27.55
G0313,Khari,male,26.4,60.7,71.5,57.1,28.64
G0314,Boer,male,7.8,55.1,75.8,52.5,31.07
G0314,Boer,male,9.6,59.0,76.5,55.0,38.09
G0314,Boer,male,11.5,62.6,96.4,61.6,53.15
G0314,Boer,male,13.4,68.6,93.8,60.9,60.05
G0314,Boer,male,15.3,73.3,101.0,65.9,67.38
G0314,Boer,male,17.0,74.2,101.7,64.3,75.64
G0315,Sirohi,male,13.2,62.0,70.8,51.8,27.39
G0315,Sirohi,male,14.8,64.9,80.3,59.8,33.68
G0315,Sirohi,male,18.2,65.9,80.6,60.6,38.45
G0316,Sirohi,female,14.3,51.8,66.9,51.6,20.73
G0316,Sirohi,female,16.3,56.3,70.7,53.5,24.12
G0316,Sirohi,female,19.2,58.4,69.2,54.0,26.01
G0316,Sirohi,female,20.8,59.0,73.7,53.7,26.5
G0317,Boer,female,2.6,35.4,49.6,35.3,8.27
G0317,Boer,female,4.8,41.3,62.9,41.2,13.71
G0317,Boer,female,7.2,51.3,67.8,47.3,20.8
G0318,Shannan,male,15.4,58.8,77.6,56.2,34.19
G0318,Shannan,male,17.0,59.5,79.2,58.4,37.76
G0318,Shannan,male,18.7,64.8,86.4,58.3,43.53
G0318,Shannan,male,21.1,69.6,85.2,59.4,43.59
G0318,Shannan,male,24.3,68.9,88.3,62.4,45.28
G0319,Boer,female,9.6,54.5,77.5,51.2,27.91
G0319,Boer,female,11.6,58.5,79.7,52.1,33.56
G0319,Boer,female,15.5,61.1,88.7,55.4,43.8
G0320,Black Bengal,male,8.8,38.1,58.6,37.1,12.58
G0320,Black Bengal,male,10.8,41.8,64.5,39.7,14.97
G0320,Black Bengal,male,12.6,41.4,64.3,40.3,16.25
G0320,Black Bengal,male,15.6,43.5,68.3,41.5,19.14
G0321,Boer,female,6.7,43.1,60.8,40.6,16.85
G0321,Boer,female,9.9,52.2,76.8,50.2,27.17
G0321,Boer,female,12.9,61.4,79.5,54.3,38.09
G0321,Boer,female,15.3,60.6,81.8,59.7,43.09
G0321,Boer,female,18.2,64.9,85.5,60.2,50.47
G0321,Boer,female,21.5,74.4,96.5,67.2,60.97
G0322,Boer,female,13.3,57.6,80.3,51.5,34.83
G0322,Boer,female,15.4,63.0,82.8,56.8,41.93
G0322,Boer,female,17.0,61.9,85.2,59.7,45.1
G0322,Boer,female,19.8,60.2,87.7,59.3,51.63
G0322,Boer,female,21.9,65.8,88.7,61.3,53.3
G0322,Boer,female,25.0,65.9,89.4,63.8,57.53
G0322,Boer,female,27.5,70.1,97.0,65.4,60.63
G0323,Khari,female,3.1,32.2,42.5,32.1,4.95
G0323,Khari,female,6.8,41.0,54.0,38.1,9.45
G0323,Khari,female,8.7,42.1,51.2,39.2,10.39
G0323,Khari,female,11.2,43.9,53.1,42.6,12.81
G0323,Khari,female,13.4,46.7,57.8,41.5,14.59
G0323,Khari,female,16.4,47.7,60.0,47.5,16.21
G0323,Khari,female,18.5,50.8,59.3,46.9,17.81
G0324,Boer,male,10.8,64.3,86.1,56.5,46.7
G0324,Boer,male,12.9,69.5,95.9,63.0,58.52
G0324,Boer,male,15.5,75.3,107.4,72.4,75.1
G0324,Boer,male,17.7,73.6,108.1,68.8,80.18
G0324,Boer,male,20.9,77.3,122.6,72.4,97.58
G0324,Boer,male,24.6,83.6,118.8,76.5,107.03
G0325,Sirohi,female,6.5,38.3,46.6,35.3,7.7
G0325,Sirohi,female,8.5,41.9,52.4,38.5,10.22
G0325,Sirohi,female,11.0,43.9,58.0,39.4,11.47
G0325,Sirohi,female,13.0,48.5,60.3,45.0,14.91
G0325,Sirohi,female,15.2,50.1,57.4,47.7,15.84
G0326,Black Bengal,female,7.7,32.3,44.7,30.6,7.34
G0326,Black Bengal,female,9.8,34.1,50.5,32.2,8.87
G0326,Black Bengal,female,12.0,37.5,50.9,35.1,10.63
G0327,Boer,female,12.5,55.3,78.1,52.2,35.23
G0327,Boer,female,15.3,59.5,80.6,54.7,41.21
G0327,Boer,female,17.0,60.7,86.9,56.8,43.76
G0327,Boer,female,19.4,67.0,90.8,59.1,52.08
G0327,Boer,female,22.3,68.8,91.0,63.6,56.63
G0327,Boer,female,26.3,69.4,94.9,66.0,61.39
G0327,Boer,female,29.4,68.7,99.8,66.3,65.42
G0328,Boer,female,9.6,52.1,73.1,47.4,25.67
G0328,Boer,female,13.5,57.4,84.7,57.9,37.62
G0328,Boer,female,16.7,62.5,93.8,61.8,50.41
G0328,Boer,female,20.3,68.3,91.3,63.9,56.42
G0329,Shannan,male,2.4,34.0,40.9,30.7,6.11
G0329,Shannan,male,4.1,39.0,49.0,34.0,9.09
G0329,Shannan,male,7.0,44.8,58.0,44.7,15.44
G0330,Sirohi,female,15.6,50.7,61.1,48.0,19.46
G0330,Sirohi,female,19.1,52.5,64.9,53.3,20.66
G0330,Sirohi,female,21.3,55.4,69.1,53.0,23.0
G0330,Sirohi,female,24.7,56.9,72.4,53.9,26.6
G0330,Sirohi,female,27.9,58.1,72.6,55.1,25.34
G0330,Sirohi,female,30.6,58.2,74.0,57.3,27.25
G0331,Boer,female,12.0,57.1,77.4,56.3,33.72
G0331,Boer,female,14.4,61.4,86.9,56.6,42.31
G0331,Boer,female,17.5,62.9,89.8,61.4,49.7
G0331,Boer,female,20.8,68.3,89.7,65.3,56.19
G0332,Boer,male,12.9,67.3,88.6,66.1,54.57
G0332,Boer,male,15.7,71.7,100.0,67.1,61.61
G0332,Boer,male,19.7,76.3,105.4,72.9,80.72
G0332,Boer,male,22.4,78.7,107.5,75.6,92.33
G0333,Boer,female,4.6,40.7,54.3,36.2,11.81
G0333,Boer,female,7.4,46.8,64.4,45.0,19.0
G0333,Boer,female,10.5,56.2,71.8,50.1,27.47
G0333,Boer,female,12.4,56.6,75.5,54.1,33.87
G0334,Boer,male,17.2,72.2,99.2,67.2,64.4
G0334,Boer,male,20.6,68.4,93.1,68.5,65.56
G0334,Boer,male,22.2,70.6,97.6,67.2,71.41
G0334,Boer,male,25.2,74.6,102.8,66.6,74.15
G0334,Boer,male,27.7,76.6,104.2,73.8,81.16
G0335,Boer,male,17.2,73.9,95.6,67.2,69.47
G0335,Boer,male,19.4,70.5,97.2,64.7,68.68
G0335,Boer,male,23.1,77.3,100.4,74.6,86.89
G0335,Boer,male,26.6,79.1,101.2,73.7,98.25
G0336,Boer,female,13.2,54.0,73.5,52.1,30.82
G0336,Boer,female,16.3,59.2,78.8,54.7,38.85
G0336,Boer,female,18.9,61.2,85.1,57.8,44.25
G0336,Boer,female,21.5,65.8,93.2,63.4,50.0
G0337,Shannan,female,4.5,37.5,48.6,33.8,8.36
G0337,Shannan,female,6.7,40.4,53.9,40.8,11.06
G0337,Shannan,female,10.1,49.5,66.4,44.4,18.01
G0337,Shannan,female,11.8,50.8,65.5,46.8,20.82
G0337,Shannan,female,14.4,54.4,66.8,49.4,24.95
G0337,Shannan,female,18.3,56.5,70.8,57.2,29.33
G0338,Boer,female,9.8,48.6,66.0,44.9,22.02
G0338,Boer,female,11.9,52.1,68.6,51.4,26.49
G0338,Boer,female,13.6,54.3,77.5,55.1,29.99
G0338,Boer,female,17.4,61.2,87.4,58.7,42.06
G0338,Boer,female,18.9,60.8,79.0,54.1,41.06
G0339,Shannan,male,15.8,59.1,73.6,54.8,32.22
G0339,Shannan,male,17.4,59.3,76.1,55.5,34.94
G0339,Shannan,male,20.4,61.9,82.3,59.2,40.62
G0339,Shannan,male,22.2,61.8,79.6,60.5,40.54
G0339,Shannan,male,24.6,67.7,81.3,62.9,45.25
G0339,Shannan,male,26.9,62.6,89.2,62.7,45.19
G0340,Sirohi,female,8.3,44.2,53.6,42.2,11.47
G0340,Sirohi,female,12.0,48.0,59.7,45.6,15.03
G0340,Sirohi,female,13.9,50.5,66.6,47.1,17.13
G0341,Sirohi,female,11.4,52.3,67.6,47.8,19.68
G0341,Sirohi,female,14.4,57.4,70.5,53.0,22.93
G0341,Sirohi,female,17.0,58.7,74.0,53.9,25.52
G0341,Sirohi,female,19.5,58.2,76.9,57.1,29.1
G0342,Khari,female,15.8,45.8,60.3,43.1,14.27
G0342,Khari,female,19.5,48.1,61.8,45.5,15.63
G0342,Khari,female,21.9,49.0,60.8,47.0,16.04
G0342,Khari,female,24.5,50.1,63.4,47.1,18.0
G0343,Khari,female,3.0,32.7,43.2,30.9,5.03
G0343,Khari,female,6.3,42.9,56.1,39.4,10.04
G0343,Khari,female,9.4,46.2,60.1,45.4,14.15
G0344,Black Bengal,female,14.8,39.5,63.8,37.5,13.27
G0344,Black Bengal,female,16.3,37.8,59.6,37.0,13.51
G0344,Black Bengal,female,18.0,39.2,60.3,37.3,13.41
G0344,Black Bengal,female,20.8,40.7,61.8,37.4,14.7
G0345,Sirohi,male,1.9,33.5,39.4,30.5,4.73
G0345,Sirohi,male,4.5,39.2,49.9,37.7,8.32
G0345,Sirohi,male,7.8,51.3,59.8,46.3,15.64
G0345,Sirohi,male,11.5,55.5,70.3,51.9,23.87
G0346,Shannan,female,12.5,51.9,66.3,46.7,22.25
G0346,Shannan,female,15.4,53.2,70.3,50.7,23.7
G0346,Shannan,female,17.2,55.4,72.6,53.5,26.68
G0346,Shannan,female,18.7,56.5,68.6,49.5,27.49
G0347,Boer,male,3.4,37.7,52.8,36.4,10.92
G0347,Boer,male,6.8,48.9,68.4,46.4,22.57
G0347,Boer,male,8.4,52.5,72.6,48.0,27.57
G0347,Boer,male,11.2,57.7,84.5,55.4,40.02
G0347,Boer,male,13.3,64.1,81.4,58.7,50.01
G0348,Sirohi,female,7.4,45.6,55.1,42.9,11.6
G0348,Sirohi,female,11.2,49.9,63.6,48.8,17.2
G0348,Sirohi,female,14.0,56.0,65.5,52.7,20.72
G0348,Sirohi,female,16.4,57.9,70.5,54.4,24.66
G0348,Sirohi,female,19.3,60.1,74.8,56.2,27.78
G0348,Sirohi,female,21.1,64.6,69.2,58.6,31.78
G0348,Sirohi,female,24.6,61.2,76.7,56.1,31.07
G0349,Sirohi,female,17.0,54.8,63.9,51.7,23.04
G0349,Sirohi,female,19.8,60.1,71.5,53.3,25.97
G0349,Sirohi,female,21.8,56.6,67.4,53.2,24.89
G0349,Sirohi,female,23.3,56.4,67.9,55.3,26.31
G0349,Sirohi,female,25.5,59.3,74.9,54.1,26.9
G0349,Sirohi,female,27.9,59.5,72.9,53.9,28.06
G0350,Boer,male,7.4,56.0,75.4,51.9,29.81
G0350,Boer,male,10.5,59.2,88.1,59.6,44.1
G0350,Boer,male,13.6,69.8,101.1,64.6,61.65
G0351,Black Bengal,female,6.0,29.9,43.5,27.9,6.05
G0351,Black Bengal,female,7.6,30.5,47.2,30.4,7.22
G0351,Black Bengal,female,11.2,36.0,50.6,30.9,9.43
G0352,Sirohi,female,4.8,38.4,46.3,35.2,7.65
G0352,Sirohi,female,8.4,44.3,54.2,41.0,12.08
G0352,Sirohi,female,11.2,48.5,60.4,47.9,16.07
G0352,Sirohi,female,13.6,50.4,63.9,48.0,18.46
G0352,Sirohi,female,15.4,52.5,64.5,52.9,22.25
G0352,Sirohi,female,16.9,57.3,67.5,54.4,24.47
G0352,Sirohi,female,19.6,58.0,74.2,59.5,27.52
G0353,Sirohi,female,5.4,38.3,48.7,39.3,8.55
G0353,Sirohi,female,8.0,43.2,51.2,40.9,11.47
G0353,Sirohi,female,10.1,47.1,57.6,44.9,14.42
G0353,Sirohi,female,13.8,53.8,64.4,48.5,19.12
G0353,Sirohi,female,16.5,53.5,64.4,49.8,20.99
G0353,Sirohi,female,19.0,55.6,68.6,52.8,24.44
G0353,Sirohi,female,22.3,58.8,69.8,57.0,25.97
G0354,Sirohi,female,15.5,57.6,67.6,54.8,24.19
G0354,Sirohi,female,18.4,58.3,73.1,58.9,27.43
G0354,Sirohi,female,20.9,60.9,74.2,55.9,29.97
G0354,Sirohi,female,23.4,62.9,75.4,57.5,30.7
G0354,Sirohi,female,25.7,61.4,77.4,58.2,32.94
G0354,Sirohi,female,28.1,64.0,79.6,60.8,35.42
G0354,Sirohi,female,30.2,61.9,71.7,58.8,33.23
G0355,Boer,male,6.6,50.6,67.9,47.1,22.55
G0355,Boer,male,9.7,60.9,80.6,58.0,37.41
G0355,Boer,male,13.6,67.0,94.9,63.7,55.5
G0355,Boer,male,17.4,71.9,98.5,67.4,69.4
G0355,Boer,male,19.7,78.1,103.5,72.5,80.08
G0355,Boer,male,21.6,81.1,106.9,74.9,86.47
G0356,Khari,male,9.8,44.8,58.5,41.7,12.94
G0356,Khari,male,13.2,46.5,62.6,46.3,16.39
G0356,Khari,male,16.6,50.1,63.8,46.8,19.28
G0356,Khari,male,18.8,53.8,67.6,51.3,21.55
G0356,Khari,male,21.4,51.5,69.7,51.9,23.11
G0357,Khari,male,6.5,39.2,48.3,38.6,8.88
G0357,Khari,male,8.2,43.0,53.6,40.0,11.34
G0357,Khari,male,10.1,46.0,58.5,43.3,13.07
G0357,Khari,male,12.1,47.9,57.3,44.0,14.58
G0357,Khari,male,13.9,48.1,59.9,46.0,16.13
G0357,Khari,male,16.2,51.4,63.3,47.6,18.2
G0357,Khari,male,19.6,52.9,68.6,49.1,21.07
G0358,Khari,male,5.3,38.4,53.7,38.3,9.32
G0358,Khari,male,7.2,43.3,58.9,43.5,12.37
G0358,Khari,male,9.4,49.1,60.6,46.1,15.57
G0358,Khari,male,12.0,50.8,70.5,46.5,19.19
G0359,Sirohi,male,16.0,58.1,71.5,55.2,28.64
G0359,Sirohi,male,17.7,60.2,73.0,59.3,31.17
G0359,Sirohi,male,19.5,61.8,77.9,64.2,33.29
G0359,Sirohi,male,21.8,62.0,80.3,61.8,35.13
G0359,Sirohi,male,25.1,68.0,82.4,62.5,39.39
G0359,Sirohi,male,27.9,67.2,84.5,62.1,41.95
G0359,Sirohi,male,30.3,67.0,84.9,61.2,40.69
G0360,Shannan,female,14.2,53.5,69.9,48.5,25.5
G0360,Shannan,female,15.7,57.4,74.2,52.6,28.12
G0360,Shannan,female,19.6,57.4,75.8,57.3,31.08
G0360,Shannan,female,23.4,59.1,79.4,55.6,33.74
G0361,Boer,female,6.0,42.2,57.6,40.2,14.1
G0361,Boer,female,9.1,51.2,73.2,48.0,24.39
G0361,Boer,female,11.6,54.9,76.0,51.5,30.41
G0361,Boer,female,15.4,56.6,88.0,57.1,42.58
G0362,Boer,male,1.7,34.4,47.8,31.5,7.17
G0362,Boer,male,3.8,40.2,53.5,37.1,11.78
G0362,Boer,male,6.7,47.3,66.2,44.0,21.59
G0362,Boer,male,10.5,58.1,80.2,54.9,36.02
G0362,Boer,male,12.2,64.2,84.0,59.2,43.94
G0363,Sirohi,male,15.7,67.6,80.5,63.0,35.18
G0363,Sirohi,male,19.5,67.6,84.7,61.3,44.63
G0363,Sirohi,male,22.5,69.4,86.2,72.7,47.27
G0364,Khari,female,14.0,45.7,58.7,44.3,14.43
G0364,Khari,female,16.2,49.8,60.6,48.2,16.23
G0364,Khari,female,18.4,50.6,60.7,49.7,17.36
G0364,Khari,female,22.3,52.8,67.5,50.4,19.81
G0364,Khari,female,25.2,52.7,71.5,51.5,22.01
G0364,Khari,female,27.5,50.3,65.2,49.5,20.8
G0364,Khari,female,30.5,52.7,66.1,51.1,21.56
G0365,Sirohi,male,16.6,61.5,77.3,56.6,31.47
G0365,Sirohi,male,20.2,65.5,79.3,64.4,36.95
G0365,Sirohi,male,23.5,67.4,81.0,64.0,42.22
G0366,Khari,female,9.5,41.7,54.4,37.9,10.65
G0366,Khari,female,12.9,47.1,56.1,43.5,13.25
G0366,Khari,female,15.9,48.5,59.0,46.2,15.16
G0367,Black Bengal,male,7.6,32.8,45.1,30.9,7.88
G0367,Black Bengal,male,10.5,36.8,51.5,36.1,10.63
G0367,Black Bengal,male,14.5,39.8,56.2,37.3,14.42
G0367,Black Bengal,male,16.9,40.2,57.8,40.1,15.13
G0368,Sirohi,male,1.1,34.3,40.0,30.8,4.66
G0368,Sirohi,male,4.3,40.1,48.4,40.6,9.62
G0368,Sirohi,male,7.0,52.0,63.4,44.8,16.47
G0368,Sirohi,male,10.0,56.6,71.4,53.6,24.72
G0368,Sirohi,male,12.5,60.0,79.9,57.0,29.95
G0369,Black Bengal,male,1.0,23.2,33.8,22.3,2.89
G0369,Black Bengal,male,4.2,31.6,43.7,26.7,5.88
G0369,Black Bengal,male,6.9,36.0,49.4,33.5,9.14
G0369,Black Bengal,male,9.1,38.0,54.8,35.0,11.02
G0369,Black Bengal,male,12.8,37.9,59.2,36.9,13.15
G0370,Boer,female,1.6,30.8,40.9,28.0,5.65
G0370,Boer,female,5.0,40.9,57.1,38.3,13.43
G0370,Boer,female,6.7,47.0,61.3,43.0,18.18
G0371,Shannan,female,16.8,54.5,69.8,52.7,28.43
G0371,Shannan,female,19.7,59.2,71.7,54.3,31.62
G0371,Shannan,female,21.5,59.0,74.1,55.9,31.52
G0372,Boer,female,17.4,62.9,81.7,60.8,45.82
G0372,Boer,female,20.8,66.5,93.6,61.6,53.52
G0372,Boer,female,23.4,68.2,96.1,65.1,57.54
G0372,Boer,female,25.3,66.6,90.2,59.9,58.36
G0372,Boer,female,27.4,72.6,96.1,65.2,62.01
G0372,Boer,female,29.2,74.5,99.1,65.3,68.79
G0373,Boer,male,2.6,36.6,50.8,33.5,9.08
G0373,Boer,male,4.6,45.7,60.0,40.7,15.43
G0373,Boer,male,8.1,52.8,73.4,49.3,27.59
G0373,Boer,male,10.6,58.2,82.5,52.5,38.02
G0373,Boer,male,13.4,66.1,87.1,59.5,51.01
G0374,Shannan,female,10.9,45.4,58.1,42.2,15.32
G0374,Shannan,female,14.2,48.4,63.2,43.0,19.07
G0374,Shannan,female,16.3,49.6,65.6,48.2,21.65
G0374,Shannan,female,18.5,52.3,68.5,49.9,22.04
G0374,Shannan,female,20.6,52.5,68.3,48.7,23.52
G0374,Shannan,female,22.7,52.4,72.2,50.7,26.05
G0375,Boer,female,9.7,53.5,74.3,48.9,27.2
G0375,Boer,female,11.9,55.5,79.6,54.2,33.75
G0375,Boer,female,14.8,58.3,82.3,52.7,40.46
G0375,Boer,female,16.9,62.8,84.6,57.8,47.56
G0376,Shannan,male,5.4,41.2,54.6,38.8,11.6
G0376,Shannan,male,8.5,50.8,68.3,48.6,20.86
G0376,Shannan,male,12.4,56.3,75.1,54.6,29.17
G0376,Shannan,male,13.9,60.2,79.3,56.7,32.92
G0376,Shannan,male,17.3,63.1,82.8,56.9,39.95
G0376,Shannan,male,20.4,65.2,83.2,61.5,44.45
G0377,Sirohi,male,2.9,37.0,45.2,37.1,7.32
G0377,Sirohi,male,4.7,42.0,53.0,41.1,10.14
G0377,Sirohi,male,8.1,49.8,61.8,51.2,17.5
G0377,Sirohi,male,11.5,57.6,69.9,53.9,26.68
G0378,Boer,male,5.1,43.4,59.3,41.8,15.97
G0378,Boer,male,6.7,47.8,68.3,45.7,21.7
G0378,Boer,male,8.7,56.0,73.2,48.7,28.53
G0378,Boer,male,10.7,57.4,83.0,54.0,36.88
G0379,Khari,male,2.1,33.1,44.0,33.3,5.21
G0379,Khari,male,4.1,38.9,47.4,36.6,7.74
G0379,Khari,male,7.2,46.6,63.0,44.3,13.84
G0379,Khari,male,9.3,49.1,64.7,43.4,16.66
G0379,Khari,male,12.2,56.0,70.9,49.4,21.88
G0379,Khari,male,14.5,57.1,76.2,50.2,24.41
G0379,Khari,male,17.1,56.4,75.9,53.9,29.51
G0380,Boer,male,15.2,69.2,92.7,65.8,63.55
G0380,Boer,male,18.9,75.5,106.7,70.2,79.76
G0380,Boer,male,20.9,78.1,101.8,76.7,85.82
G0380,Boer,male,22.6,79.7,102.9,78.1,87.24
G0380,Boer,male,24.4,83.6,107.8,75.9,97.01
G0380,Boer,male,27.0,82.3,114.6,81.5,107.92
G0381,Sirohi,female,6.9,42.2,54.2,41.1,10.03
G0381,Sirohi,female,10.3,49.9,56.4,45.0,14.26
G0381,Sirohi,female,12.9,49.7,61.1,46.8,17.32
G0382,Shannan,male,14.9,60.2,76.3,55.0,32.18
G0382,Shannan,male,16.9,58.6,79.5,54.7,34.45
G0382,Shannan,male,19.9,62.1,81.4,60.8,39.53
G0383,Shannan,female,4.4,37.8,48.9,35.3,7.73
G0383,Shannan,female,8.2,42.4,60.1,42.5,13.77
G0383,Shannan,female,10.4,45.8,64.5,43.5,17.78
G0383,Shannan,female,12.6,52.7,68.6,49.5,22.18
G0383,Shannan,female,14.4,54.9,66.1,49.3,23.77
G0384,Sirohi,male,3.4,40.0,48.8,35.3,7.74
G0384,Sirohi,male,7.3,48.4,62.3,45.7,16.36
G0384,Sirohi,male,11.0,56.0,68.4,53.8,24.31
G0384,Sirohi,male,13.8,61.4,74.8,57.3,29.52
G0384,Sirohi,male,15.4,67.3,80.3,59.2,33.73
G0384,Sirohi,male,17.7,66.4,78.4,58.7,36.61
G0385,Boer,female,16.6,61.7,86.0,60.7,51.49
G0385,Boer,female,18.3,66.0,90.9,64.9,56.28
G0385,Boer,female,21.8,74.6,104.3,64.7,66.33
G0385,Boer,female,25.5,75.4,108.9,70.8,75.02
G0385,Boer,female,28.9,75.2,101.7,71.0,78.31
G0385,Boer,female,30.7,74.1,113.8,70.9,77.81
G0385,Boer,female,33.8,75.5,104.8,69.3,76.42
G0386,Sirohi,female,11.3,51.8,71.0,50.1,21.18
G0386,Sirohi,female,13.9,56.3,72.4,55.2,26.59
G0386,Sirohi,female,17.1,57.9,80.9,56.4,30.37
G0387,Sirohi,male,3.5,38.6,42.5,34.6,6.49
G0387,Sirohi,male,6.3,44.4,53.5,42.7,10.95
G0387,Sirohi,male,8.1,48.9,59.5,46.8,14.52
G0387,Sirohi,male,10.2,51.1,68.7,49.3,18.67
G0387,Sirohi,male,12.0,55.7,67.4,50.1,21.08
G0388,Black Bengal,female,11.9,34.8,48.2,34.0,9.98
G0388,Black Bengal,female,14.0,34.6,52.8,33.8,10.24
G0388,Black Bengal,female,17.8,38.0,54.3,36.4,11.62
G0388,Black Bengal,female,21.3,37.3,54.7,35.0,11.94
G0389,Khari,female,8.5,40.8,51.9,37.2,8.96
G0389,Khari,female,12.2,42.2,56.4,41.4,12.49
G0389,Khari,female,14.2,45.7,56.9,43.2,13.1
G0389,Khari,female,17.4,48.9,63.0,49.2,16.35
G0389,Khari,female,21.2,50.9,63.1,50.8,18.13
G0390,Boer,male,13.3,62.2,91.4,62.1,48.52
G0390,Boer,male,15.4,68.4,90.6,63.6,56.73
G0390,Boer,male,18.4,69.8,96.1,67.3,65.71
G0390,Boer,male,21.5,71.3,97.2,67.3,71.75
G0390,Boer,male,23.0,72.7,106.4,72.4,77.79
G0391,Shannan,female,15.3,54.1,66.9,52.2,26.13
G0391,Shannan,female,17.5,56.5,76.7,54.0,29.77
G0391,Shannan,female,20.0,58.3,76.7,53.9,33.65
G0391,Shannan,female,23.4,58.7,77.8,54.0,33.88
G0391,Shannan,female,26.4,60.9,81.6,56.0,34.24
G0392,Boer,female,7.1,44.1,61.9,43.4,16.67
G0392,Boer,female,9.9,52.1,71.3,46.9,24.48
G0392,Boer,female,11.8,55.3,71.6,52.8,30.84
G0392,Boer,female,15.5,59.7,81.3,56.5,41.01
G0392,Boer,female,19.0,63.6,99.6,60.6,51.65
G0393,Black Bengal,female,16.6,38.1,56.9,36.3,12.14
G0393,Black Bengal,female,20.0,40.2,56.8,35.5,13.91
G0393,Black Bengal,female,23.2,39.1,57.9,36.8,13.6
G0393,Black Bengal,female,25.9,39.6,59.3,36.2,14.75
G0393,Black Bengal,female,27.6,39.9,57.3,38.4,14.65
G0393,Black Bengal,female,30.4,40.7,59.4,38.2,15.0
G0393,Black Bengal,female,32.7,40.5,61.6,39.6,15.35
G0394,Sirohi,male,16.2,62.7,81.8,62.3,39.69
G0394,Sirohi,male,17.8,67.2,86.3,66.5,41.86
G0394,Sirohi,male,21.6,73.8,95.2,68.0,50.02
G0394,Sirohi,male,23.7,73.7,91.9,71.3,51.94
G0394,Sirohi,male,27.3,77.5,96.9,71.9,53.65
G0394,Sirohi,male,29.4,74.4,94.7,68.8,53.94
G0394,Sirohi,male,31.3,76.6,91.5,71.0,54.96
G0395,Khari,male,2.0,29.8,35.9,28.2,3.75
G0395,Khari,male,4.9,38.9,47.9,35.4,7.65
G0395,Khari,male,7.0,43.7,53.5,38.7,10.56
G0395,Khari,male,8.6,46.2,60.0,44.3,14.39
G0395,Khari,male,12.3,49.9,69.1,48.8,19.79
G0395,Khari,male,14.8,56.2,70.2,51.7,23.18
G0396,Shannan,female,7.6,41.5,53.2,38.5,12.43
G0396,Shannan,female,10.9,49.6,60.2,44.9,16.85
G0396,Shannan,female,14.4,50.3,67.5,51.1,21.69
G0396,Shannan,female,18.3,56.0,73.5,50.7,27.03
G0396,Shannan,female,21.9,57.4,75.3,52.7,30.96
G0396,Shannan,female,23.6,58.4,76.4,52.6,32.07
G0397,Khari,male,12.7,48.3,62.4,46.5,16.57
G0397,Khari,male,14.9,52.2,63.9,47.7,18.21
G0397,Khari,male,18.2,55.0,68.7,51.9,21.02
G0397,Khari,male,20.9,55.0,68.3,51.3,22.6
G0397,Khari,male,24.4,55.9,73.3,54.3,24.99
G0397,Khari,male,28.2,59.0,71.5,55.9,26.69
G0398,Black Bengal,male,7.9,34.5,48.0,30.4,7.81
G0398,Black Bengal,male,10.0,35.0,49.8,33.5,9.56
G0398,Black Bengal,male,13.9,37.7,54.9,36.1,11.41
G0398,Black Bengal,male,17.8,43.6,64.5,36.5,14.86
G0398,Black Bengal,male,21.7,41.7,61.6,39.1,15.92
G0399,Khari,male,14.7,53.0,62.6,47.0,19.26
G0399,Khari,male,17.2,55.1,70.2,49.3,21.18
G0399,Khari,male,19.9,53.7,70.5,50.3,23.21
G0399,Khari,male,23.3,57.7,68.5,55.3,23.5
G0400,Sirohi,female,2.4,32.3,41.6,32.4,4.95
G0400,Sirohi,female,6.2,44.0,53.7,41.4,10.76
G0400,Sirohi,female,9.5,50.2,65.4,45.4,16.71
G0400,Sirohi,female,13.3,56.8,71.7,54.2,23.29
G0400,Sirohi,female,16.7,56.9,77.0,55.3,27.77
